GammelID;NyID
339902;D7D5B3CC-28E1-463C-AF4B-8A83D233D289
339961;C227FC47-7C2B-4FE6-8433-7D536A3E0162
340078;A33D9C23-04BF-4BB6-AB39-D5ECAEB0AA88
340269;D09702E0-5925-4CD5-AE80-EF4F1CDCE5DC
340357;B8873904-B7D4-4D96-8F6A-04F6645F8DF1
340507;158196DA-A62F-4C91-8432-78A220D0C021
340543;5FCE7321-320B-4EB6-B890-A2AD85B1BFC1
340549;3005B165-0DCF-43A0-92B9-FEB9420DB630
340576;D14C21A8-C9FF-4AAD-B126-02E13B201D3A
340698;5F677A7E-7965-49A2-9111-A66204459156
340796;BA6D9C7E-6471-4C4D-B288-7F1431B2FFCC
340915;8BB968CE-08C9-45E8-AF55-EC1E834C05E7
340931;F4D2BAB3-F5A0-4CB9-8126-6FA6DAD08D7E
341181;0EEF56C3-B484-4A82-92FA-A78ED4FCFB36
341504;71AD4255-165F-464B-8B0B-C045172D4192
341680;D0172CD0-0BDC-48BF-8D64-244E250E4B56
341744;6A9AFF53-5475-4195-88FF-675E7E1E2D55
341749;E5BDE478-DC9C-4B19-82F3-3D4D0DCE0507
341816;5CDD62D9-3FB6-44A1-BDB6-88935268089F
341854;E5CBE46D-E3EC-49AA-B348-79387E75AF50
342005;4750F28E-8F1E-477B-A7EA-A7A955995D2E
342061;4423866B-F7A0-4DCA-B703-121EF82422EA
342124;B4D0F253-84DE-4B78-85C6-4D729C16EEC1
342242;DF3FA124-3A9C-451D-9CC4-2BB98A5E7D0D
342390;EB92A9DD-22F1-4ED8-9EAA-372A7F33B2CF
342458;D2BD4332-83C4-4FB7-8515-001FC591CF30
342469;86C4CC2B-C5F4-499E-B55B-55E1EFE02116
342606;7DF5C39E-125A-4F45-94A8-DC46D461D4C4
342786;556F8C6F-E868-4C67-B94C-4B187A5F647E
342862;BAB6FAA1-94C7-4E1C-9A5F-FDB7EF05B2FC
343160;DDA8F718-29A8-4E4A-88C4-1922798DBB9D
343634;0D513DCD-8B6E-48D2-8DF8-77C1261FFA52
378522;6B595A54-906A-49DF-A4BB-C035EAA462AE
378602;96D5D577-2C30-4D65-9328-E5E65EE4A976
378632;9D100DE8-A9C6-495C-9CCB-C179CF4A9494
378773;4A2B8D47-BE95-41FE-8DC2-F1C3961A5B59
378803;0E24E30C-CBFB-4FBE-868F-C8564B7CB479
378830;EEBDB3B5-9783-4F98-97E6-C20E622AA518
378911;1B6AF477-9D96-4563-8CC6-8BFC1687EC07
378912;4DE61EBC-5336-4501-9CC9-369D0BD79C87
378922;C3235E35-B243-4D93-A5BE-BF9E2A3C8ACD
378944;DF8281A7-E1B9-4A82-8FDF-CC3353CFF79E
378958;1A97A3B3-72AA-44FE-91BE-2CD35D7E8FA1
378966;D6631B05-529F-4DC1-BF68-FE6396DC21F7
379028;90E72104-71E8-4FBC-B790-C60BD9EE7A2D
379070;58EBDA7A-6759-4997-B325-43FB7B90DEF9
379111;16CC5841-B8B4-4915-97F4-B0F7123616D3
379112;3BC941CA-2D2F-484D-A463-F2320FBE2B52
379156;CF57872F-E356-41CB-8847-12BAD25D9827
379212;C44F2926-67E0-4F32-8B61-F7C457905C3D
379220;4F5CE5B2-FD9B-4046-B98F-60C6B03404C1
379221;07387114-9FF2-4279-B67D-D148A3FEAA52
379224;40220DC0-9BE1-4B68-98B6-A9F5CFBACBB4
379226;2B21C26B-1646-495B-8141-B3FB1502421D
379227;819FE358-D46A-471F-B7A9-91473D6FA3C5
379230;17FEAD2F-7E79-4C23-BB2C-BDEEC181974D
379271;A4B86C38-82E5-4441-8F42-5B4E3D3B026D
379380;BB73920F-DA42-439D-B424-1580FB14949D
379421;88247095-CCCD-4464-8F61-1FD9DEB553D1
379446;72896F98-72CB-47F9-89A8-922CB9F52FC2
379484;2F8CD3D6-CD33-4FC3-B887-CE271AE8DDDA
379575;1CCB3467-4F0B-4B51-80F1-FFBCFE38EFBC
379579;81E7352D-5CF7-43BE-B46E-06E3058ED715
379580;41DC511E-EE8B-4409-927F-50EA4044CC02
379595;DA3CBC15-5248-4CCB-94CC-883B24E83971
379618;6A57861A-2104-43EA-A08B-944B6531BE23
379620;51169524-7F12-4814-A98B-916FAC4A3CA5
379625;87C07D12-90D2-4BCA-9FBD-B44A18A3F879
379632;82FB88C9-9462-48C9-9E3A-B4C937C0437F
379677;F4DE58B1-EB3F-4446-B045-4450E85229EE
379750;65DFBE11-1652-4286-ADB6-E0608FF7B019
379822;CDB2BA81-21CF-4A83-A4C5-C6C7E68257C7
379828;5D0DD6BB-BFED-43D5-B83A-D22B27A1226D
379829;50FBD28E-C04A-45F4-AFF5-486037260C98
379871;A4F1F9BA-0F4E-477F-988F-72310C69A438
379882;0DF4316B-3CF0-4DC6-A536-9FBF9615DA1D
379912;DF9F629C-ABA1-4553-AB19-C670E1B249F6
379940;57898FA3-3528-40C2-814B-46BDA0EE5419
379941;01E606B8-95A1-4D4B-9BAC-04D111AC9949
379942;5C94CA5F-9FF6-446B-8135-67847F710BBD
379944;4DACB554-490F-4CDA-B89B-18BB8B5D1B01
379993;28A6EC5E-0729-42B6-9B64-9717EA0DAEE8
380015;E85F4308-CC18-42E9-8E58-779CF7CC1282
380051;CA486361-391C-4C65-8AD7-98D57FC342A5
380063;3EBF637E-1D97-4BAB-A550-60333E2888EB
380095;B163700D-ADEA-4C50-AD25-821094DBEA33
380098;39422B77-98CB-4B7D-A124-A3571EAC50CB
380286;A8671E53-EE10-4E54-99C6-1A792ED0D9B9
380409;6DBE6606-2360-4E0E-8E1F-1B3F8EA87DF1
417548;C488165D-F60F-4FC2-BB9F-77A99AD139B7
417619;A03E2713-33C5-4246-9E7D-0EAF827B4E36
417803;32997BC7-5D8B-4876-B312-CBAB1A57ABB9
417888;E40E822F-630D-4103-84EE-B5B827B8BC89
420206;B2630801-25AB-4DF3-97BD-A54EA42162DB
421069;0ABCA18D-9780-432B-AC30-9F1521ECB64E
421072;AC0995E4-AA08-4E2E-A995-9814E5156384
422709;4301D5FA-752A-43BE-BC84-6D4B834DE03A
423255;3923A556-8F7A-4C22-A2A9-1D7A04063C47
424715;850B03F4-C4DA-4D50-967A-9EE8E1BF72AF
424772;C8350A64-A734-461F-AA80-3AA97EAC9379
426092;CF531965-0D31-48F1-BC40-3C22EB1D711C
428682;BC6E261E-B329-4D11-ADED-7214CD109670
430911;15310AF0-80D9-448A-9073-FD9F982BBEB6
432201;E48ACE51-0AD4-4F8A-AEE8-DBA7B8FD3724
433118;997852BE-DA53-4831-A1AB-D8840069CBCB
433165;4E168B26-925D-4C12-98BB-0AFEB155DFAB
434226;AC6AA8A4-FC55-443A-AB9A-AB70FF33EB9A
434733;575FD112-B0F5-42DE-99B5-B8C23091FC1F
434936;07E0376F-3A43-4BA8-A52E-DD1E07ADFD12
436009;F6839841-CB1F-4BDE-90DE-D649121B3E6D
436408;D56768B1-8300-40AB-B777-8D9F595D24A7
437202;CAEC3EB2-D58D-4AC6-902A-D85F56858559
437204;E7BE3C01-753E-4C00-9AED-1D99E6E07F35
437307;B857A67C-7CD4-44CC-9B8E-76B91AB1BDC9
437334;BF20D5D7-7BF1-4210-95E2-0443484662A0
437342;65C9C0EE-CA06-4BCA-A193-8A2A4FDA1A5E
437352;E0710ACC-A2C6-4127-B10D-74014CBA1FFF
437369;58B8C1D9-42DB-4A95-9996-6936A99DBB8E
437381;FC415FF4-7145-44FB-ADBF-98576E413C89
437644;3F636748-CAF0-440D-8C30-733A820A335E
437980;A1F8B970-EAD9-4A23-8D1F-AD4BB0D316A9
437981;C2853D1A-41C8-4C66-8934-897015391C8F
438018;FB3C2798-CB07-4E17-BFCB-A8C13A15D4C7
438310;BC344948-7EAF-427A-80FD-EB5B21034F39
438364;DA267565-157E-47A7-98DD-95DE3C164543
438603;B0D65597-4958-420B-877E-727D1F393CC1
439929;1938F897-D400-4B6C-BF11-53BBF09011E2
440406;DC3B8D24-9132-4A7E-8455-67CBEB92DBB7
440753;D762B545-35B4-4A76-AC9D-90A71E1DA7FD
440766;31A5BFAD-6F62-4182-9805-282FE72E8846
441137;5E74B2BD-7247-42C5-9323-0B8618B95A39
441166;BFD6530E-1166-4864-BC17-D1C217BD3D70
442105;17949DB7-7A10-4DA3-9D2B-8AA648663F04
443961;49549121-E5EC-4BA8-8493-DC2C54FE17CB
444286;B9F6D8C0-FCC8-4930-9E05-A6FAE65B361C
444364;C8CCD71B-FD8B-47B4-B72A-905F6219D7D5
444366;C446CEB3-3633-4720-8C79-B215CBFBCB8A
444419;10F853A3-A033-41EA-81A5-D671916D5737
444567;8C0F2B25-0A9C-44BE-A2DD-4D4EC8E2DC16
444701;6A88880F-1EC4-41A6-AB0E-11CFC40EE5DD
444954;70F3D7A4-3D62-42A0-8362-8DE1B269AA75
445298;2333CB83-A345-479C-9363-4D56ACF93BA4
445501;22008399-BA53-48EB-BB50-C95F67FB5403
445574;4EC7B16B-0936-47CC-BABE-AF5690985A55
446694;E07DB113-AB13-4164-A9F2-ADE42DE229B5
446824;9D598E94-D758-47CF-90B3-414E883F8237
446910;EE705EEC-2C01-432F-976F-2C386629B61D
446964;EB2CCBB0-EC20-4FC1-993C-ED0DD6A5D260
447296;2A9B86CE-82C3-44EF-859C-5C5CD831F853
447323;F4F8F1DC-C99E-4FC4-A5AC-305EF93B5977
447893;DE9909EE-1FFE-4176-BA34-14538C2833E5
448155;15B1F454-8C6A-4AF9-B7D9-D31A01A5B3B9
448156;E2C4EFA2-EF72-4B73-A902-94723D2F8C83
448224;55ED22F3-6455-46E0-8D31-5E7079DCA5F0
448234;4597549A-CD2C-478E-A435-F586C79DE93E
449215;97DD13CD-6111-4B47-992A-5E62A062B413
449327;E427FEA0-FFF0-4DCD-94AD-3A27EC622ECF
449575;9CD15EF2-783C-4C91-907E-79DDA004FC44
449859;642B3781-CE8F-4717-BE15-9B949C204014
449877;79FDE457-1079-4119-B176-4260A1EDE7EC
449906;4DC8AB77-95E6-4F51-B66C-7FCEACA4E6BF
450006;80B5A2BB-77F3-41C9-A75D-B5E54BB70B76
450139;7F9DF817-A7DC-476D-86F4-1AAC50F5BC32
450175;4ED1EE75-BD27-4244-A2AF-D5478D199654
450238;A45AF79E-CE59-492F-8CE8-C51CC5466D72
450263;4D5BB3CC-7B35-4B08-9CBA-FAC49DF1CB48
450265;76A35B58-11BD-4105-B214-CCB656F0E9B9
450300;654C7557-11D7-4EC2-A023-695A1F342332
450302;2DBBBB80-10E2-4932-9539-D4203F62B0E7
450395;E921388A-BDC9-4139-82DA-3026F0A52395
450403;CB43E0B8-24A6-4096-A032-E441C306498B
450471;8AC5A7F9-C7D8-4290-92F4-9F91D8B4378E
450558;A1E10BE9-0D9F-4F44-AEE9-6E519CC39DEE
450691;B8C9508A-E002-43EA-ABB1-DC92B7C18736
450692;1C12A3E1-86B1-4491-8E45-C8310F294B3F
451023;215F077F-9D36-475A-AB5D-EFCEA8DBA909
451122;62A5FDC7-1DC2-4E08-8CEB-70453D4A805F
451191;C02500A6-5087-415C-994C-CF2C7A73EC9C
451221;BE33AA73-2B63-4E6E-B391-B6B2DFD63B0F
451224;82701E05-3E2A-4EF4-895F-4B119626BFAA
451238;8D5EF3B2-F32A-4395-984A-1171CCB0ADC1
451242;B07BC3EF-14C1-455D-930E-383FB8E7D39F
451323;357555CA-110D-49A4-8EC4-3CBA1A0E2E8F
451335;BFFA1D65-2E2E-4F9F-8B58-0C0F64266CA2
451370;D438CAC6-B5A9-440F-AD67-06B3E1941056
451407;0AB7C57B-AAB6-44EB-BE09-F1614865CA8C
451416;5976487A-C80E-490C-A1D8-93695557F45C
451421;23FEBFD9-0693-4258-838A-66B87D52C679
451455;FD541723-A656-4B32-8D7D-1834A1928582
451457;381F1BCD-EF70-4E9E-94C7-EF75B756E7AF
451526;D2DBEC62-F55D-48A6-A087-06A4E441E9E5
451527;1AF95AB4-B355-4DB3-B857-68B17BDC0343
451590;30136D28-5867-4D46-9B4C-8E3DDCD34C89
451605;04C81FB7-38B7-4BA6-85C2-0DF83CB95D6E
451642;059153AA-A85E-4EDF-B610-8906EE77CC4E
451667;E73EADE0-AD55-4C31-94CB-71AF405BCC44
451683;2F47CFE5-4183-4309-9D5A-2FFB4E3793C6
451691;1C8E2FDB-CADB-49B5-B588-22E80B5ACA2F
451710;68E060B5-D9F1-4AA2-AC33-784ADD2AB487
451717;42BD4959-3083-4AF0-B54C-AE76C6E51CEA
451725;B1919617-B7AD-4763-BFE9-9DC36B4C2796
451758;E3648376-845E-4275-9D93-C68D6D242CBB
451760;E5DCC503-6FBE-488C-A730-AC52D63644C3
451763;97D48752-647E-4843-8F40-E876E6BBDAF3
451764;4402DE7D-29D8-49A4-9ACD-6135089056FE
451765;0E8561A7-F002-4B2F-B47E-D96485F35517
451811;096AD729-C749-4221-80A3-89E0599B1E04
451818;E69ADD51-9625-4358-A2C5-1326D6006292
451835;78F2A122-0B88-40B1-B74B-7DF99753C4B5
451849;139D0696-D4F8-4233-BE2B-720ADDBFF0ED
451851;530E208F-41F6-4830-B6A1-4B54CF4A653C
451865;67692EAA-A9E2-44A4-9CBF-769D0E923C8A
451881;4CBEBD45-363F-415D-B15F-7879ECA6A31F
451883;85345202-7D35-4072-AE6E-D32453B7CE25
451911;DB6F7B98-1EBB-45DB-A537-110813C0A915
451923;26A0CA5B-1C70-4FBF-8CA8-0F9D979952A8
452012;CBB964CB-68D6-4FD8-B2CD-87BA6838EB65
452174;05512DCD-68F1-4CBA-94DC-750EE4ACC447
452175;55A6FDE2-F846-46C5-8353-8BDE207C469C
452176;DD4AB4D6-F28E-40DE-B0A9-F3B4D1C4C468
452224;5B483156-B7BC-4E51-AD93-8F1EEAB64B33
452357;06883D9E-BC99-4451-9ABB-D26867F2E79A
468257;44C5F5CA-DF9A-441D-AE85-60AD3B4017A5
468259;EC06D43F-BB3B-4781-BDC4-9795901F137E
468260;6C7CDE71-DB21-4361-B795-706E682364CF
468261;F22ADB80-3B1F-4B1B-9953-6FD286B213CE
468262;FD60BEB7-59C3-4B11-BB8E-57E8D8B2B66C
468263;8EF74235-2152-43AF-85E9-ABADC4573635
468264;ABE569A7-7453-499A-A529-CC225CB017D2
468265;4C5E01AD-8769-453F-9CA0-46EBD30E91DC
468267;B7FC9557-3E77-46E1-9F22-6FDE66930CD1
468268;083E82D3-8681-4F44-AC1F-D35007ADF7B8
468269;33DBBE31-CCEC-48B2-B9D4-3571625B3100
468270;37515954-06BB-4CCC-A1D7-3B666F28093E
468378;486E9D3D-16EA-4E1D-B192-089FE837348F
468490;2D167DCA-4988-4AF8-AA17-64D921E24928
468561;F820CECD-F9C7-416A-A45B-83B25C5C2262
468602;14E02B04-8E09-4B91-9C9A-00E18CC7379C
468607;22C6018D-2B19-42ED-BE9A-9E650FEA9E98
468616;B0B535DD-754D-445F-9082-63546AAB8A51
468620;9D5B3218-67A2-4B0E-A878-FB28D8211DC8
468634;C4AC97F0-448F-400F-BA6C-3F77AD795234
468651;CCD619A9-209F-43E1-BFE7-0E5DE1657787
468652;435CD485-0D65-4873-8C7F-593B22044325
468653;F203C135-54C5-441F-B163-B649D02F16EC
468654;6241F75E-5FAD-4B77-90DA-3689AA3383BF
468655;8419076E-3F7B-430E-B3A6-B187B0419941
468656;29BE643A-9117-47E4-A488-283EAC91E59E
468681;471433EB-C873-4A00-AC0C-F97FEE6EE241
468700;796ECF3B-B799-4A4C-ACAB-BC88982B4BF3
468709;C0642521-79F8-4CAC-A901-507CC6B07B9F
468726;99BA99AF-DF56-44BF-83B1-8CDE9456CC39
468743;05A95BAE-A5D2-4C2E-89E7-BE0FB0A2564A
469003;0A29D8F4-F356-46DA-87D9-F88D1FCDF2BF
469027;B490A118-A75A-43C1-AEAA-8CCDB3AB1384
469036;7DBC6B09-E30F-43B2-B9E5-1D715711C4AF
469037;43E6CCEB-7EFC-4183-8E48-8B4631C950D1
469039;D63AEBE2-D815-415B-BAD8-AD73DD10C5D0
469072;DE5E0F03-F583-4156-BEC1-38E2C7C92AF8
469092;35875D3C-E43C-4C3E-8237-38A01510F97D
469098;BD49A999-7328-43FD-AD10-82A996E57D13
469102;5067744A-7E95-44BD-ABFB-FC345CCEE40F
469103;7F013622-1D61-4C5F-B9D7-1A589D012848
469110;419B5EE3-5A31-43F7-A22A-734B5EEDB478
469111;635D6EF3-ECB4-4540-A7A2-53A4AF3D7FDD
469118;E3B209A2-334E-401F-8274-2836EB24E25E
469120;F5EE3B3B-EA8C-4B40-A56F-8B7F7B0C3B04
469127;A6194A75-E11F-48E3-A6E1-470B2E8900C7
469128;B5CABA4E-8C50-42E8-81BE-0C85D8CC00B8
469139;8580ED39-1290-4008-9042-D423E48880EE
469337;6DB7D2E9-6387-4236-BEF9-9582089D2D6B
469484;3DAC2688-41D8-4A5E-BD17-8C49CA857D0B
469495;3D497C39-E0A8-4C1A-9262-D939E8C94B1F
469583;2352C26C-0B4A-4787-85F7-841CFBA05602
469812;626C95C6-C3E9-418F-A997-A1967A9FE0CF
469826;545B6C1D-F2D5-4F4B-8C02-12FE902FD83F
469831;4EFDF611-6FB4-4C27-979E-3678FE381930
469834;BFDB39A4-BC03-44B4-A69A-9FB4C75E9604
469837;7BD43D07-0A14-4BC2-BC64-8C2B8348F292
469851;C7EE9267-0BB4-4743-BD73-AB012C5DFCA3
469860;B4BDC70F-9336-4631-B678-BB09DE471110
469865;11090C9C-E3E3-4430-96DB-F4337A3E425A
469866;F1BEC80A-534D-4CA0-9482-19E413EC45B0
469875;15EA2562-145E-4222-940C-440BB3E9CDAA
469882;A555C4DD-4447-4A70-AF89-7EDC72B2C6CD
469885;52AF0194-37F9-4B10-AD9E-24F6F6192610
469906;54734725-2025-4AD9-9B20-845FF0117DBD
469908;16EF161F-66A1-45EF-96DD-B23CAFCA3A2A
469910;92781A39-C96B-4008-9B35-9897BA22B4F3
469934;43509B6B-9493-40E4-9F83-16CF53F140DB
469935;667C7F66-E27A-4460-8246-B7E50130E5FB
469936;E05AF2DD-AC6B-44C8-B597-E94640CB8470
469987;5F11DDB4-61C1-4CA9-A146-2BF420360A5D
469996;AA3CD2F9-F074-448C-A10F-C4986EE39C7F
470006;DD8A08AE-AE14-45BD-A5B1-84DF24AD8A0B
470019;824FD6DE-BCD8-4998-A05B-0B1DB8ED974D
470056;DB1EF931-2A94-4F84-8CC2-600F4D121472
470059;5F542AAB-8E5E-4C72-B6E6-E3F1F246FCA6
470073;4202E540-83C6-44A3-9CF1-BDD57B70DB27
470092;92082A40-AE3D-4D2F-921F-E1CE735FD26E
470256;814E71C6-B507-493D-BDE3-E6A7514520EF
470257;F6FA5C7D-34CD-4D2E-A9A6-D5C850AB75C5
470258;92E47EF9-1902-4D35-99EC-E4A0DA7DC69D
470260;F010DC59-3EC7-4C91-A6C6-5637ACF30FC3
470263;13B17166-433A-47A4-903A-4977A607A50D
470265;EF95CC59-2094-48E8-A58D-B616A4859FEE
470270;0EF1CA81-EAE1-41F2-99F2-11ABC0450141
470272;3EA010D6-0B16-4B5F-9DE2-651BD1CB3E67
470278;D8A66183-5CC9-4182-A39C-5BDDA5D4DEC1
470300;8EE070BF-13E7-4C96-8A04-126DCD827540
470304;8D32C950-CD5A-4C7E-9D04-419F4DFD3B3F
470305;FADF62A9-3D5A-4DE2-A29A-2EDECF4C6EE0
470307;0F371CDD-AD46-4526-A5C5-60447A77DC86
470328;2FF9241B-9192-4B2B-8867-8C492CA4BFA0
470341;245D35C2-7DAB-408C-A5D2-4F87267F6439
470344;494C4718-F92F-4241-8ECD-939B9F8A6B42
470366;AC2C9580-C083-4284-A5E9-6427F344E048
470370;FA39255E-5AAF-4ADE-A95A-21978A3B097E
470377;6B75BC17-4117-4C72-9629-A91B51D39769
470379;F1A99342-113B-4811-AA76-D906D02A1DFC
470391;9C4A3872-3218-4E01-906F-8A4BF7343867
470395;BD3282E5-2902-4B0F-8BEC-34A1CD4A3B5E
470397;AF3005AE-3C8B-45C1-BE07-8C96371BB12E
470405;680867A5-AFA9-485C-8B45-71AF101C60F5
470420;EB81713C-B8DC-4E63-8D53-B03D515683DE
470424;D8D5068D-A339-4DC2-B969-2D1D19543AA3
470439;ABF8C76B-0E52-44D6-B70E-3EFBE7166B98
470440;DC0DD94E-C980-438A-84EE-1C8394AB58A6
470446;F5F5F5AF-4EE6-48C3-B6FE-1405EC0D65EB
470448;9B445CC8-1A8A-4912-BEC9-C27EF9584BEA
470453;77FFD3C1-BB6D-4544-B77F-95440DEED396
470454;44E4954F-0093-4BA1-9725-B562409D30CA
470456;D375EC98-5854-4A21-8C26-5E8631A0ECD5
470474;BC318A68-934B-4E28-A221-DDB80F4A58AE
470478;7DA0A337-B914-4790-B287-005229CCF846
470479;17433956-2680-43DF-89B8-26CEB4428773
470485;CF731363-7B1D-46F2-867B-5CC0A95398B7
470512;C4067D93-187E-422D-8C86-5E6188B08CFC
470514;C3C92B00-E861-46A7-AE63-3AE40C898B9C
470516;AC895B41-B8C9-41D4-B47B-8C83D4906166
470517;06A3C145-CD3E-4276-9AF1-5146B558C3BE
470525;A34A2459-36FA-48D0-B9A6-01F1476AA76E
470559;C239CB07-42B5-4D0A-8A68-DA58A0C037C9
470568;671BD7D3-1F0A-40AC-8E09-0CFDB6591223
470573;2E91769B-F93D-4ED0-B06A-D85176A769FB
470575;A7572E2A-DB21-4EBB-80BC-FFF2DD08FE63
470582;2C91926F-A08D-4A89-BCA3-A24C328DF923
470583;8D7BDB1B-B58D-4270-98A3-1D6C28672404
470586;DA37B3F9-4038-4719-9CB7-918E36B847A8
470611;A7AAD659-CC7A-44EA-B68D-7C9EA76E6C3A
470615;9FDD72EB-8235-487D-81EC-9CAC511E4E9D
470641;D9DBA280-CCDA-4192-B949-0DB9D3508BBC
470653;ED6D05A2-DB17-4CFB-9AC4-4B753FA02835
470655;7F52041A-3B1F-44D2-A5ED-CF53FDF23985
470680;2EFB684E-EAD3-4466-8AC6-0F5D698073D0
470683;4939E990-7353-4BCA-BCD4-D9C94E455369
470698;EE85C789-C694-4475-911A-726E26FDFF20
470714;F67B99BB-F8D3-4E06-B0EE-C47A89C64C43
470724;3D7791D8-4666-4157-841A-D25962A684E2
470742;A32B8F22-D561-42C1-9C7C-81E3EE41290A
470744;FF19A1C2-F2D8-4E44-9746-DAC36C46CF3B
470746;3924F772-56A0-4274-92E1-DC745D0ABA8C
470747;34B631D1-4B70-4FF6-B71B-F47125CC815B
470755;B19467F5-8B2C-42CB-9278-A81F21294600
470756;E53815E7-C32B-4598-81AD-050289EFBFE4
470764;3579D749-5B43-42CE-8EA0-10468331E85F
470775;4FF18780-F1FF-4B8C-A5D4-0955FB91FD8A
470779;C93BF15E-97BA-4207-B326-8C80E642C50D
470780;45CA174C-9111-4D97-81D1-52B6417FF786
470781;E7584978-0119-4DAA-BAFF-5C0CE4926550
470782;2BC28E41-7E24-4DD9-B09C-B45C16FA499E
470783;4E9E0242-293C-44D3-AB3A-DA62D0519BA7
470784;27999B92-2EA8-41D7-8969-57CE0F7A6AA1
470791;2594E5DF-38CB-4E8D-87EE-07EC25184EFE
470793;C4C9DD39-4D95-4D95-AAEC-D268C6425B16
470794;AD0CD97A-2EE2-4B91-BF08-2362B4893087
470796;9C323939-EE1B-40F9-8398-3DF65429E171
470804;EC8511EA-CB0B-43A6-83E5-3C3E740B2342
470811;9A774FD8-F956-423B-B0B9-E28B5D62299E
470816;31A50F9A-343A-4FD4-8EC4-B13EFBC550C2
470819;D5BC45C3-E162-455A-B28D-6BD2FE4A9806
470826;8C701AF5-DA65-48F9-988A-C9B3AF577B43
470841;9E252B1E-0ED0-414F-8EA9-E990BD6C1775
470843;3232F414-CEBB-4771-9B94-0AF0E6D77A4E
470849;FBCE0377-8483-4971-B09E-557DDFFE8E71
470858;F2604492-F7C4-49AF-BF92-2F0F6E7CB533
470860;B295E953-B0AD-4714-8ABB-3B449F779DCE
470861;02343CFA-C605-4B78-9F65-8DE1EFE5DAE4
470873;E7B60A3D-3C1D-4B64-91F1-9F59A398D457
470879;1FA03DE2-95CF-4F8D-A79E-7CE984728E34
470887;A42BE6E4-4CAB-44E8-97D6-29A9794430A3
470919;D7357EDF-4E02-4ABF-A7EB-E4AA275DC1DF
470920;D3444EDD-EA94-468D-A881-B0AD9E886C0C
470931;8A2F91B7-F10F-4BB2-B6F6-272754FF1C4F
470932;50AC8750-DCC5-4EA3-A8F7-EECEE1A68E20
470936;0667E429-041E-4A27-8CC6-B1740C490C18
470937;F7F13D98-25A2-4919-9FDB-30E4036BFC2A
470945;60E8F528-0734-4E15-BA29-26F565523291
471009;4C9F0E7B-2112-4FA8-82F5-6B82E9471BC4
471010;C9B39178-585E-4C03-9DF6-C60AF378D623
471011;E2D1CC1D-2148-47DB-A6DB-C982FBB90778
471013;23DAD1F0-05AB-466D-BA87-54F3BB69B3DB
471014;60C9D815-E360-4F3A-8471-2CC35F595D81
471015;AAA43B1F-7E56-42A1-AA25-4D8CAB6E6A4C
471016;41984A99-F91C-4D66-9F4E-69F1FBF77C00
471017;F85E7598-9825-4D68-BD0F-F6789DC93591
471032;9558A523-E52E-4BC6-9C55-3BBBB442DC77
471034;635881A1-FD35-4B01-A50B-EE7BC72340AE
471042;B1C6FA79-2798-438C-BFEC-EE7AEB86847C
471045;1802E12E-005F-4977-BB61-BC81EC9F0C9A
471083;451D3E2A-9DCD-4319-BE95-4D0BB8D99244
471087;0C9DDBAB-0182-447C-8BC8-816A1B9FE61C
471156;F51CB385-2DA9-424B-8F45-A78CCB9842A4
471157;AD5E0E6C-32E4-48CD-AFA2-0B279F4BC97B
471182;D734D3F4-FD2B-469E-96E1-87D4469A6727
471187;B8E02ECE-7AC1-445B-9ADE-7BA93E39797E
471218;87297F6B-93AC-4459-9069-90A4E6D9D4E5
471232;3AE03E6F-4991-4C72-B477-32AB47F7D974
471233;8284E54C-971A-44D8-B3BF-9874AB93299C
471330;255B0CE1-55A9-4A0F-9B9D-E4F915ABE670
471334;2850308A-3D5D-4486-95DB-F22E58C8A4CF
471337;0B9297F3-9561-4AFA-B380-50DDD463D542
471338;5A1533E9-FD61-45C8-A1F3-169D8AE52D5E
471345;00B394A6-F2C5-4ED2-A31F-8D5DCE130CAD
471346;55BEC88C-37E4-43C5-9522-F521B4D0BC98
471347;65C43172-9805-4348-9F1C-ED87EC54E0B9
471350;46A18726-3A14-4FC1-AC0F-E68085B69D16
471362;ADD79DAF-09B4-446E-923B-94F7707DFF19
471363;74DB977D-8E10-4A18-89A1-8ADE879D52E7
471364;71C53A24-45CE-4326-87CD-A7346AF05F8B
471366;51E707DF-92A7-4376-BC09-4CF8A604BC6F
471367;B5397FC4-B625-4ACA-A281-B8C2A5489414
471368;0D86FAF2-6797-4CA8-88AE-2E565F07F45A
471369;FBF1D29A-ED46-47A7-B97A-E3ADEC480C20
471372;1AEF6C9C-A423-4E4A-A4FF-390CC10EF3F6
471381;1A62F0AB-C215-4D2B-BDCD-83C3A4D1A440
471384;5397AD5F-A46C-421D-A031-A174B3DE6F9D
471385;0DCB0F19-B8A1-4646-9666-CA5FDA2142D4
471386;0EE8B879-99EA-4DAD-9F87-58D6A1BFCF33
471387;473CD70A-F811-4F9A-A249-12AF72DCF0AB
471388;AA7637F6-1C86-45CF-8EBE-AE617B27A96B
471389;44219BD6-3D53-40E2-981D-4EF53BA6A396
471390;8E313CED-85E5-4F90-B7D3-ED50A23AD855
471391;7605EA98-8128-4129-962B-D9BA2F1BB075
471392;B997FC3F-AA60-4C7C-98A2-BD1A01D29DAE
471394;A8C0805D-662D-46AD-8AC6-3CEF17C86E55
471395;53A1F0F8-51A5-402D-BC2A-59015F5B6191
471396;BF3CC6EC-7A36-4F5B-A37E-F3E0213820A3
471397;C894882D-8DFD-42B5-9A16-6DE1C8ED037F
471398;1FF2B1B1-7D7B-4DE7-A2B2-A820DF69C98E
471399;5E541EB2-3674-47FF-9A0F-C579B1483CA7
471400;C9C201FD-391B-46A3-9AA2-A837F8745691
471401;09D240B0-0E7C-4A48-85B1-23396079F9C6
471402;E13D7B14-BF7B-401A-9684-5CD05B4B1C20
471403;44C3A92D-A2BD-4036-B7C8-90866689DB16
471404;6CD53360-1395-4A3B-B382-5247C3C029C9
471405;18B115F9-3204-40DA-A204-FDA9B6AE0A78
471406;B3BE78B5-42F7-403D-B0DB-AB1F46951AA7
471407;533C9C83-DCEA-452C-A215-AB24E0AF9959
471408;A28EF2F8-A9DE-4C14-BF51-D333A195C475
471409;EAA74A2F-FD91-4EE6-BF6D-EE6633AF0FBF
471410;4BB5EE49-3669-47A4-92D7-A9C7459FA203
471411;9155A0AD-C030-4A53-94E2-1B4275CE9F6F
471412;712F8BC3-002A-43CB-A373-7A9928CD51B3
471413;B80422AF-B2AB-415C-80FE-5F7C19F4C398
471414;8A7D0062-CDDD-4283-A703-C29F34354F0E
471415;74E5E4A0-29F7-43BB-9B26-F025EBD0884B
471416;36DA2889-7DF9-48C6-A449-C009945A660E
471417;C6969BED-C441-464C-8C1A-60A5675AF1D2
471418;CF028B7A-EAC5-415A-950E-EA00969031D1
471419;0F41BCF0-7FE8-43A1-ABF4-F5295F745C09
471420;19F371BE-4B67-4FB0-AA73-CE7B6DA64078
471421;E63E9FF2-E8B7-4414-BFDD-7ED2260A35F8
471422;24A72338-D5D0-44D4-A4E9-2E4A31B0550E
471423;FE9E13A7-5053-4792-B896-050F7CF78271
471424;B672172B-0709-4ECE-A700-A4D829C21621
471425;5F82D9BC-A56E-48CC-B4D6-1106E7A2D03C
471426;36262272-5256-4287-8AF8-C3627311D69A
471427;638286E6-E726-4B70-8B96-443CDE90EDFF
471428;560CEBD1-47C5-4660-8DC1-AB849F4468E2
471429;CDCDDCEB-D837-4719-8998-7E1C2A5DC579
471430;B1E494FA-5A24-483D-AF7F-5C3B2C0BE593
471431;2BA05465-98C7-4F4A-AE43-D38FA708CE7E
471432;0E82CC85-B48E-46B1-A8E7-3DC3767B55FA
471433;B2242CEE-DC92-405B-8FFC-39C1CEB27ADF
471434;CBA7B613-D324-4977-A8FC-B52214727789
471435;B2B1AD64-33C1-4C6B-9D0F-130CCF8181A4
471436;C2D3D1B8-7A80-4DD2-B8A5-53CB89C8C57E
471437;44E696E4-0866-4B2E-8717-AC0A9635A3E8
471438;B44DEDB0-CF31-413C-BD39-A0D33E30A2B1
471439;10BDDB68-5A76-4C8B-B784-CD31DF08A958
471440;9BECC207-BCA3-4B35-B35F-F13107FD914E
471441;1DB8B954-2E3C-4388-AF8A-9E894669C5D8
471442;3B02E924-7548-4C80-AACA-ABE023CA4F50
471443;D68BF722-1225-46FE-B4A0-CC7968D71EAE
471444;3B2C118E-D625-4DE6-B93F-1957EE65AC5B
471446;09BDCD56-6361-4B6B-BF88-9A467E5E0371
471447;2F3B11CC-AED2-4DF0-AEFF-FA42B8591AF6
471448;EE10A4EC-6BC1-4FF6-93BA-DDC56E059623
471449;4D3DC330-CBF3-4E56-9519-AE20D42EA11A
471451;AA32B131-321B-49E2-9F4E-C477B423E3A0
471452;2F22927B-E4EC-4E0D-8D79-005108605AAC
471453;E874DCF2-6F6F-4C45-B8FD-820ADF4A680C
471454;48DC0849-E6BB-45BF-9B92-CE12D0447482
471455;819975FC-9341-4745-9438-979A03FCDB4C
471456;86752D80-A5AC-4EDC-B259-84944A36732B
471457;08EE79B0-735D-4A2B-BEBE-0973522A1B0A
471458;42BA8DEA-C3D0-492A-A811-DE2E71CCEE44
471459;139BD5C3-9C59-4204-B4E6-C612C82CA59B
471460;5C4BF1FB-6539-4E45-8858-FB8B78ED1443
471461;062A7B7A-DA67-418C-8392-1FDB0B1C4429
471462;E74FF84E-B2ED-441E-97E8-502F4A5DCA0F
471463;940A6959-A654-4C17-BEDF-F3C106229297
471464;CA068CF0-FB52-4E66-AC4C-1838F7883C64
471465;285B3C2E-8632-4778-969F-6180DF76CDF8
471466;20280866-99BE-4BE9-B6F6-05320CF8B5E2
471467;F1C9354C-2D8B-47A5-9F9C-A7130C6D1AA5
471468;8CC88E33-A26B-4231-B8F7-2E5DCD947006
471469;7576FCA9-B38E-47CB-A499-575EDAF2D2D4
471470;D8C1D2B9-5BD3-4685-AE38-6B1D06A358F9
471471;44DDF386-6165-4238-97EE-7FA22B2D119B
471472;2009CFC3-1AB2-4F40-B513-E7E103BAC0BB
471473;A52929B7-C63A-4F17-B82B-55BB55FD697B
471474;4B6D2FC5-67CB-4F18-9033-EECF7F7072F7
471475;E7BF1AB8-ECD6-4E4B-BA27-B7C1B4404ED9
471476;A80F405B-4D3F-4A6D-909A-B1EEBEC84B3C
471477;719AEC70-36AE-4D25-809E-BE2A54A12A51
471478;316B4413-FC72-4CCC-823C-FE19A29EFDC6
471479;9D35059A-0C0B-4D7A-9E62-CD33536F037A
471480;98804B2E-7865-42DD-BC31-A1AC4432F462
471481;A432C62D-186C-4F80-9C02-88960DD6F945
471482;E9632DC3-0CCA-43D1-9020-9D76E88EE60D
471483;B07FADFE-24D4-45F7-9175-9BC950BE02F7
471484;592AE0F0-BCC6-4EC6-84A1-B10CEBA87B70
471485;7D19BAAA-39C6-4BFE-82C2-5F25076E5459
471486;92EF8F4E-B343-41CC-B09C-ACF46468AF45
471487;CB601312-9AB2-4BBC-BC23-D0B9A8E6D490
471488;5655F4CB-5E96-4C77-B104-7A7ED27433BC
471489;27A0DEAB-90ED-4203-9FE1-9E5A74CB36E2
471490;5ACD671E-E05A-4FE9-B559-9CAFD452E794
471491;A24C70ED-02FA-4644-BBF6-A6B455BA52DE
471492;2B46B1E0-81B5-4896-ACBC-B715DABC7179
471493;F1AA6438-C261-45DE-A56B-EAE608050EC7
471494;888FF0D8-5226-4193-AAAF-0BB4EF92186A
471495;78ACE9CF-DB56-4C44-BF0A-4D14D197DE7A
471496;B1BB472A-1618-46C0-8252-9BF68854B8F6
471498;3D950935-B5D6-4AE6-94E7-E2A85A68DD89
471499;75F32045-D293-4724-BCB2-73BB9709D12A
471500;8009AA11-FF7B-4B7E-BC68-88A72A5E0FB4
471501;4436158D-DCA0-463D-BF3B-33A9EA52116A
471502;3E413246-5116-4694-8E96-AD7A670B84F4
471503;A98F5A11-5352-4D26-B1DD-AA4078C53F39
471504;D78204F7-9536-4D53-9E9B-E3DA05AFAFBF
471505;F301A7AA-CD71-474F-BAC2-2756EA6198F2
471506;368F31C1-0464-4CC8-B6B3-BCE8D5C87479
471507;F0F698D6-FAD6-4C29-84A5-00C31A636AE9
471508;740703DA-6569-46E4-BDF1-04B3699DE51D
471509;5849EDBB-51C9-4173-83EF-9DD852368D5F
471510;4F9B9E17-D5B4-4DA8-9032-51EC383D2345
471511;A2F66949-5EB5-4E14-AE0D-95250F2EB5F8
471512;C5F8A0B8-CD17-4A94-A9A2-8FE378642D88
471513;46467112-461C-4843-AE5D-298320430293
471514;DC7A4D26-49A2-497B-9443-FC85B0DBAAF0
471515;1872298D-CE0E-48E6-BFB5-E533D1CCE119
471516;4E6067D5-D67F-413F-8A0E-482E15FEDCC2
471517;A6EB8E1F-028B-431F-BE21-99F3139FF295
471518;2088EB2D-5EAE-4892-8DF4-B840A7308B08
471519;B3F31115-2F36-4F18-9CCB-580A83AD91C8
471521;4C9BC830-7D18-4270-8BE7-63C381774A46
471522;11474F1B-EEED-4676-9A9E-51E0FD99934B
471523;30142621-8EF5-4098-8B15-2A2095D679B1
471524;FC0BAAAD-B1C5-4C31-B5EB-2E7F58DD3DC5
471525;764F5160-2494-46DA-9E40-6A76E0367BD7
471526;DCA04CBA-521F-4EB0-81C5-D078A70BFA33
471527;56898121-422B-42A7-A92D-6E17D72F507E
471528;CB73AE30-275D-43FD-8CB8-32E885E1E3ED
471529;A88A0213-005D-4BA0-8E3C-A4C9EF756FAC
471530;145458A6-8078-4E62-A7DB-22433E7AC713
471531;FB604F35-369A-4299-BE19-C199344E0058
471532;EA92C9CD-1589-4AB6-90C0-09D747120DAD
471533;6968D63E-726A-4312-AC8D-48D9CB86C6E3
471534;4BCD9D03-4F43-47C8-B711-2809F57B7CBE
471537;A009CB15-629D-4703-83C3-A5711D363168
471538;B385BFFE-F5A6-4037-8EE3-108231212DCD
471539;2B9E67A1-1C6B-4E46-8AA7-6AC67775683D
471540;E19425A0-2FE8-4998-9CF2-7A6A43E65151
471541;A4D28DD8-9C16-4B28-9ED4-30E20A329A84
471542;16D2C748-6CE5-4595-BE39-992399EF2655
471543;188A5F97-E4D5-4795-9AF5-FB1A327A20AC
471544;1DE48E65-AE3C-45DE-BC07-7EF04E7C5DAA
471545;A260B800-A7C9-454B-B5D3-20DBBE2E3F0C
471546;6FF72CB7-2F17-4E6E-9310-44E9B2610AF7
471547;7F48D99B-8B54-4C54-BC67-8A67DA1B5D8E
471548;79365C77-7E2E-48B8-B96F-6951656CDF1A
471549;656B3EAB-86FF-4BC7-9C39-6FBF0EA9F6FF
471550;BA4F70F5-A64C-4B57-BA90-80247F1F727C
471551;4FC6E2E3-E45A-4BFA-B5F2-5AE762B185A7
471552;D5ED634A-E814-480B-9575-7523F748FFF0
471553;4D9B4456-1DFD-4E70-A47F-C67E92A1B375
471554;490EA5AA-03E2-422E-8202-0E567046963C
471555;496A43F8-E5B3-452F-A32C-FE29508CBF74
471556;B26D14F7-815F-4E5A-B1D6-8E798B18D632
471557;DD8C9467-7AAC-4730-83B6-0525732A8FE3
471558;80CF8508-BA30-45A0-89D4-C748AEDDC81E
471559;CC5948FA-E711-465E-A525-1B96939C557F
471560;5DDAD031-865C-4955-86CA-FBCA4B39B090
471561;6EC6C818-FDD3-42EA-9476-D6377F2DB1D7
471562;C83C4DAE-0E99-4C19-B152-671623E463AB
471563;81B6CA5A-1095-43C6-A0A1-DCC9C9326823
471564;FFF834A2-EEF0-466C-BE4D-B763D8334C9B
471565;154EF519-1FC7-4F00-8B0C-BAB3F06F7F7C
471566;A574A21F-7545-4BE4-9375-9E8702624C94
471567;DF84CB40-AA4A-4B03-8BCF-02F3B173E9CD
471569;97393F8B-2B4F-4A74-BB93-52B38DF3AF4A
471570;1821D7DD-E96A-4C11-9139-03DF9ACB9909
471571;CE05AAC8-E7CE-4C55-8B59-631EAA719BCB
471572;8DC85F50-1329-4973-B026-2A704CF12DC9
471573;808A52ED-5B9D-43EA-9209-A01E7A34603B
471574;8C15725E-43BB-40AF-9C6C-35CD4576A1E2
471575;544C5B00-8B3D-4133-AEBF-446A23FDCD4A
471576;B0B36213-05AE-4E51-9E47-0C0787825580
471577;F70E44E6-0A20-4474-8B6A-7BCD1B079090
471578;FEF31757-43BD-49A8-9EAE-32175898BF23
471579;E7986BB3-FD8F-411F-A772-770D2577F9A5
471580;BF0E66DD-AC8C-4C1D-9F84-57A2B5C025A1
471581;470F0E31-5FB2-4BA5-A02B-51E87162593A
471582;3DB6A54C-8B2B-4075-A6A1-2720AFB1B602
471583;BF8DB8F1-31E8-4573-A396-BD6494AB52C5
471597;E3A1DCEA-5D18-4C82-84DD-1A749427F5DA
471602;2F875BED-7BEE-4D9C-A2F5-BEC7A58976C1
471617;56359883-C71C-4CB7-8C47-F3688CD493D4
471619;231FA9F4-6819-48B8-B0D7-01EA167B34AA
471647;B86A58C2-3381-48FC-88F1-BC37F015F8B2
471648;F9B4619D-D7B4-4919-8E58-D3931B9D4B79
471658;89AC01B1-092D-4DE5-B9C7-A1BFB7296E7C
471674;A874DC7D-B70D-4AD2-9FDA-AD3666CFE41F
471675;158A9B26-9935-4F44-8032-5FF7F05E8342
471691;96C04F45-BE0B-491E-914E-8350B10464E0
471694;9E4C6040-34B8-4891-A16B-4436D998B651
471786;55081F42-2C2F-4897-8FBE-F86F644CF338
471819;560A0EE4-D964-4580-8F2A-E1E2EE072600
471823;B1654A68-EE31-4D27-83A4-776DC1121DE0
471825;7BE5F448-2BF7-445F-935D-9209DB743A13
471826;C2319DB9-3218-48C9-B013-FD044E93FE22
471833;A5362B73-8F34-4DC0-B9E4-C96671B6E53F
471835;6B1CCFFB-A947-474E-94E7-07A68C681A36
471836;0A391F00-6FE9-4898-8DF4-0063789A79EF
471839;D636464D-96A5-492E-84E5-F40684DBCAB0
471840;FCEC1B2B-0075-45C8-AB92-B7E2BB718FEB
471841;A669920B-3DCD-43EF-9A22-FC07A0EA49F9
471845;8971C69A-050B-45F3-90B5-5297BFF88F8C
471846;11C3C558-F03E-4FAD-8ED1-03B52B8779B7
471868;B72BA251-B67E-4FE4-BC59-DC544B58BB86
471880;AB373DFB-7AB8-451E-B51B-C308BDBAEDEB
471885;6D09CE6F-CF69-4B28-A973-D595E2F0E95C
471891;DFC1DCF3-C511-4EE1-A44C-13D04CDFCBA8
471892;50EBE75E-4291-4673-84AD-3198137534DC
471893;E625BE7D-5324-4723-8DBA-C92D5DDB9AFB
471929;D492806B-F5A7-45E9-98B0-4DD32B4169AD
471950;99BAA5CD-E222-46ED-86E2-AD7CF32B5527
471956;0FD4B89F-BD4C-430F-9D07-BCDB7A6F4E61
471957;42E35914-BA20-458B-97F9-01A5AF242592
471963;B4655B9F-AC96-444D-AB7D-6DEC0CC0C831
471964;CCC0B38E-715D-4BC6-B0F2-B0F0D5205519
471965;A0443781-69A9-4EF1-9000-2AE39AC3C4CC
471967;9B39CD4A-C90A-4D22-9C7B-83D7B923AAF4
471968;D69F754F-2914-4292-9A37-6A9BA15C1C03
471975;7174724F-EFFD-44C0-87F5-918451EF176D
471976;CAC91D5C-EDA3-49D7-B9C3-E6CBF1C0D3DB
472758;3DF8C023-7962-4AC7-AB5F-68E58CE66894
472784;636C8B36-A8CE-4842-9544-8EBCA6517965
474431;A11BAF48-B603-4FDE-A4BF-3CB605DF1E5D
474445;AFE935B2-C032-4668-975F-0294677E2382
474453;12D1FF4B-E19A-49AE-8664-78968461B2D6
474454;BF6A2077-AFB4-487B-9017-B248895C640C
474458;CD21C26F-53A1-4554-9754-DB6BB7C84DBD
474471;F4F75C4A-2388-4DCC-967E-B76C93681C6F
474540;B88B96A6-11F3-430B-80D2-F85740902DCD
474547;9C2E22DF-DE07-4F03-BED5-9B6EBDDC5C9E
474579;A1C25AAF-5DAF-41CC-BC8B-A44E1B1075B1
474628;53B0C32B-F10F-4F48-915E-F421BD5D9361
474645;2ABF1A3A-BF2A-4991-9FFB-47C4A8209DDA
474647;35F871D7-C741-493A-9115-B36B074DB731
474672;1FAC4356-30B4-4D17-B4F6-926796A719A1
474676;7F72E8B7-C75A-4093-A5E0-60F026A22506
474677;795E2E57-E08C-43BD-BE18-50B82F0A95B2
474683;53681F24-9BA5-4942-A55B-03A551E80AD3
474685;445F1670-7D53-4675-83B0-CAA175DF81D4
474694;7B450FDF-747D-4D55-9797-1888707D8887
474726;690F9B27-12E8-4859-88E6-DF129C9F880E
474732;2DD671AD-EF6B-4F48-809E-792443D5E232
474800;6102B0B4-9359-4D17-8339-0579C30A7CFC
474801;808F68A8-A42A-43F0-B717-11497AAF69DB
474807;476D2703-440D-4F62-BBB1-B2974A66C834
474808;F76462BA-2969-41C6-AB7A-BEB9DD0BD479
474813;2EDAE588-E781-4107-9E7A-7A5F74F79F73
474816;52F644B0-1120-4CB2-8218-63530EF9CE0D
474827;C20A40DF-0497-4E7A-B0DD-F8177DCCB414
474828;0B9CF5BC-C144-4994-B96D-E6830512154E
474848;38A4B72C-9F15-4985-9C27-06A5C89BEDE2
474863;F9461E3F-8873-4D08-AA48-34F7D73518B9
474864;8FCDFA03-87DC-4937-A427-065F4C930CD4
474866;94F1EA65-123C-48D0-9F43-3B85DCBDBC67
474869;3025E258-BF22-4451-9409-1BC4967AF444
474871;5F4073A6-F5EE-49A8-BF83-3A61AE1241E4
474893;6DA5EC5E-F0B1-49A2-BCEF-31C0AECEEDFB
474906;6CBE440C-0DCA-4031-A1F5-8AAB5AF9D36C
474918;0A17DCAC-A32F-40D8-9653-8C1BE3B80B83
474945;766C689D-4428-4460-BA6C-1A48427BC8CD
474947;DC01818D-9176-4AA2-8859-2254BF17B069
474966;293256D4-D270-4691-8E14-C3473B085478
474994;4FB071AE-4C55-4BB5-A14D-CF953716D78A
475017;D1927718-84C9-4EA4-8F13-293924F7539D
475026;A1B42391-10A7-4DCC-BB28-A24207255C61
475045;3988D676-84AA-4D1A-A86D-4232D9C407A1
475075;C22B3335-88AF-45B3-8A41-37D0D432C802
475076;635890CC-7BDD-4F29-A049-D5379F682F36
475077;6F8ADA27-71B6-494F-A530-F11F960184C7
475078;19C24131-7831-4DD8-9751-2C8653CA85B6
475079;7B7ED03F-54A4-485D-953A-76B270D9C60E
475099;DD8FEFFF-DFC3-4D56-8371-0348636618C5
475140;DE6D1095-085B-48D3-A088-4776988ADC59
475161;9A854D71-28D7-46CB-A14A-FA6FC26D6DDA
475178;156BD218-B72A-4B25-9D7D-AF187B80C631
475179;A9CF41AF-B6CE-4E94-9612-DCB477C0E626
475180;C057E4FE-8F2A-46FB-835B-252A76FBAD59
475181;DCC49914-5AC3-4E9B-AF16-EBFD53898949
475182;94908DA5-6221-4C8F-A470-A10E7CBE3C3E
475185;B51B47D7-C6E3-46B5-BE68-A262364294C4
475189;916E2F6D-6640-4059-82FD-E957AAFDF0F3
475252;92C5102B-349B-4072-B20C-9F2D4308399A
475261;2DA253AB-993C-4FD1-8FC8-7F511D0B4EDF
475344;E2767AA5-24BD-4A2E-9006-6D927E5E4F02
475412;BDD78CE2-05E5-4F3B-BAC5-A088BAC0F83F
475426;8B86930F-BAD4-4D09-BA5D-F43B157C5A1C
475438;A82EC686-6C62-4DBB-A532-2D5415C39398
475441;13E696E3-1BEA-44F6-9583-8DD20F4C71DC
475444;59BF8C90-39D9-48AC-8E82-D1812AFAE7D5
475452;AC117582-A4B0-4285-B4CB-18E9F3E8EA50
475456;C617BDD8-6D6F-485B-AEFE-BECF04366037
475480;1498F219-6BC8-4171-9890-8B4F5FA5CAC6
475556;104F22A4-48A2-4B27-A1A9-0B4C9150B071
475561;0E024329-27DF-4BBD-ACA1-559D2BDDD728
475562;EC39CF66-D293-403F-B5D3-F6997F64CB03
475563;B66CB6CC-3D37-45E7-8841-5CA119F0A72A
475575;97864826-24F2-4C18-8371-3E7BD56027EF
475576;EE305839-B949-477B-A641-786A920BB942
475577;618DC699-65D1-47EF-B9CF-DC728890F3A1
475605;0D434999-677B-4030-83F4-5A47F01C1823
475617;2ACCF1B5-777E-4F54-9B26-1B454F74E865
475629;0105C141-4A41-425A-B32C-DF2ABBA56C92
475644;F3A17F1D-F159-4318-9DFD-B13C2DB9760A
475665;3EFDE48F-8AA7-4F7E-99FF-CDBD749071C8
475668;5DDD4BED-4EAC-420E-8E57-51FD5F84A932
475669;359BE1E3-1721-4661-93C3-E5A298C412E0
475670;8AB7ECD7-12E6-4535-BD47-FF8C6114952B
475688;473AD91D-C3D6-44A1-B4E9-F9BD430C9CF7
475689;86AAA4F5-2631-40C8-918C-87416E1C31EB
475691;06F4FDD1-09D5-4F71-B2F3-9561564677ED
475724;DB646335-AC89-4FB4-A02E-9AFAF679F56F
475730;E2041099-F853-4207-B969-0581CFB33526
475731;F15D924E-4930-4A63-A3A4-78A1616813C7
475739;09435C04-53DB-4C90-AB38-B59E9ABA8B75
475748;092B034F-0DFB-422A-94AC-9EBEB16CC78A
475750;63574E0B-3F39-405F-B672-A31DDE497ED4
475785;DABD5448-AC2A-414B-BB55-F5949114C199
475815;46207BE4-C933-473C-930E-279792463AE6
475820;D95E3E67-9C83-4764-83F3-2A6446C7E0E1
475843;AE16CEB5-A758-412D-A9DA-E09022ED8B6F
475845;56B5BE5A-00CD-47FB-976D-279388157F6D
475850;B5DD806F-64BE-4666-A5D6-CF4B00C234BF
475852;4B01F446-40DB-4B10-8F15-4FC77181676A
475856;A6BDC6A5-7689-4B0E-B976-36610D71018A
475861;2A755EB6-65A4-46F3-BA21-46CF00145123
475869;17028C7A-7C77-47F5-AADF-3F67811ED5C3
475928;4FF13B98-6C6D-4797-9F81-1AA2CDAB9519
475931;3168E17A-B8A3-4771-908D-2B5A14FFE403
475942;78624B9F-7E34-4A78-9F6B-BD1DCB7C4BF9
475943;43DD3314-F83B-49CA-96E2-B2D03B4B4D13
476003;18EB2663-2F45-4C77-9EFF-5806C7FFD61D
476033;C0510C80-A9D6-43EE-B076-D7A940454B9B
476035;1963AA2B-6728-46FE-A950-699A0891F9AB
476085;D5EB3415-78F4-48F9-9F52-9312B8A65963
476094;03FA08ED-9AAA-4328-9AC0-A2A1A551F006
476106;BDE03B80-851E-46D6-AFA1-B1B01B7CDFFE
476108;A6B783E5-145A-4339-B1B9-7B70D883D6F7
476113;1FC26877-5518-407E-AD5C-805911613625
476114;103EFF79-FABC-4EFF-9016-9CF5B6339F26
476116;FD1F1A10-A2D4-4F05-8E0B-E4D3D0CDB8CB
476136;7566219F-7A1A-4895-9928-E2F39DDE950F
476137;F4B37B83-30B8-48B2-B45D-8FA769C0C79C
476188;D62D5C1B-CB82-4850-9722-33AB3FF01E92
476198;DC8FAC14-8ECD-42D0-88D3-98A6C66A772C
476203;8B2093FE-0B72-462B-9E62-D9C4DA395403
476213;B5AC651A-4989-47D4-90B4-AA62EB8F1C11
476214;8B6B3F55-B523-4AB3-8700-EA404D3626D4
476221;BC2B7A88-D296-4369-8D9A-9707A2A753E2
476227;B33DFCD9-97FE-4518-B131-C755C3E2A4F6
476247;0518CBDD-C09B-41A5-BE79-D728A3848A2F
476251;E3E5DBD0-6310-4146-A6C8-4FBB7CA97026
476266;3433D839-226B-4E0D-BB8E-86174C3159C6
476270;012CE2F3-75BB-480F-B7B7-2F0C7BF315C0
476277;4CDB967E-FBF7-422C-911C-7271341A2A07
476285;B28E59C3-E9BD-4D95-831D-E569392B7E6E
476289;A6C3D01C-7EAD-4765-B1B4-0D1DF351EC1F
476292;7BEA64E0-0A88-4C80-8042-5BE37863DD0B
476295;EF399C6C-2E3B-4F6D-86DE-6E15ED92C0B9
476298;2DCB81C0-5881-460A-9DD3-15B38ED2437B
476322;AA3C1F52-7FA4-4C05-9AD2-DAC7972AEDFB
476330;5F396791-4830-415A-A55D-FD4084AB7127
476339;B71938EB-607A-4291-BB9E-920965552EC6
476347;64D6E6A3-864C-404A-858C-416639255AD3
476361;F31410AA-2864-43C2-A72F-ED2C34C3751E
476362;F2B791E4-EDD8-47D7-9EAB-B75751601E70
476366;D454FB19-7B8F-442F-9384-E6B0225FB802
476376;B489C1A7-6C8F-4396-A93C-146284D34DD5
476378;2FB504B4-513C-4038-AFFD-1063EAA1D7EC
476379;915DB71E-DA0B-4D29-ACF3-00FB2A4FDBFD
476385;8C1311D9-5172-4304-B3D3-3B88CE539DB9
476395;616722CB-0B02-49D5-BD94-84E270C4695D
476424;0CC5FA23-019A-40D9-B68C-EDE6B3B7F5B4
476431;691499AF-1A8A-4C6E-8708-3C3A9A67759B
476446;9DB4ED8C-A896-4C20-8654-A2467D02E650
476449;CD0BC8C3-8439-4479-B334-8893DB5897D1
476489;9D74D896-3FC7-48E3-80BD-719C20CC96DA
476490;AF762272-2CFA-41C8-A343-A2D1EA5B1822
476491;A3CFA3C5-40F8-412B-976C-811A321DE1BC
476493;25215AF7-D05F-4CEA-8AEA-257F7A0A1C82
476501;6703DFD6-4273-4E16-8FEA-B3B949FF30FF
476508;5B371F32-91EB-470D-8838-509AE9FDC392
476514;ADED1033-BDB5-4550-A0AB-C2416AF9B4BD
476523;2DC72028-DEDD-4F64-B285-CC8C842E38CF
476537;EF4085EE-1281-4BF7-AE15-B5F8A0855A0E
476552;0599FDD7-1836-4744-97D9-8B21D326888B
476581;682C06B9-A7B7-45EA-A650-DA6088A00B83
476596;32E05AE7-9B47-4880-B436-74B04CF7FCBE
476601;D8CF62AB-03A6-4051-BA15-1BEA92574BDE
476632;BCDFBD5D-686C-486F-9C42-5E5E331D0FDB
476648;F8EDF447-96EB-46FE-B2E9-E15CFC564BA0
476652;3E137490-A759-45AB-AFFA-EBD29CCF7C27
476653;68F327C1-9FB3-4970-AE7B-3A0C28DDF7A5
476654;0209C1FD-F154-494A-A3D6-684B2F1611D5
476677;D7601182-0EBB-44FF-B588-C87DE37623DC
476685;C8D96F53-CD9D-45D9-B751-F709F852A0B0
476688;CAFED4D2-85AD-4B44-99C6-FA50897DFFD5
476689;30C282D7-227A-47BF-B877-F9E2ACA63E62
476697;50A3D293-844D-4CD4-9ECB-6D10ACE35D8C
476746;EDFE3539-B82D-4B23-8FD5-34AB13A44082
476777;6C2ED26F-FFA7-4E7F-BCD3-5EBD5C2D71F4
476784;5834C87C-7C07-4821-A2F7-0150E798F601
476801;D157D776-5D48-47CF-9502-79D2C17D2CEB
476822;028B768F-7439-4114-A323-537A1CEBADC2
476825;E423E7D9-AFCE-4B9B-B434-F5D1F8E3A8EA
476829;2382FA23-6E96-44DE-A06E-DCCDED93D8A3
476830;B836734F-B9C2-405E-A3CC-6687273A9369
476832;FD3B92CC-B798-4CA3-9FEB-4055AB2D95E7
476888;AB42A29A-223E-4DF6-A5C1-42CAED92FD46
476903;F6CB340B-F14A-4F07-A76F-852A57B61001
476906;4DA33CC2-6410-4276-AE5C-0F290464313D
476947;189D5AA7-CCCC-4E0B-9C81-081CD0357E6B
476951;A1863E61-357F-4BB7-A320-66735CE21A49
476977;27A35681-6720-4285-922B-A0BDE5F41097
477003;D2F50BCA-EAB3-4F02-91FB-143DE29F39BF
477011;AC593C22-5D20-4639-8FAD-28355F70AAAF
477015;5177B250-7BFF-47D5-BAF8-DB6E42530F97
477016;1D58F5F9-BDA8-499E-9DC9-71160AB0A87C
477022;8A895A0E-2907-4B13-BCB0-FC964FE57A23
477034;314B68F3-3D66-4DE6-97A3-C78600386C47
477044;3046C3A0-AEC4-49B4-9813-55DF8E71A961
477045;769AF482-9634-4A92-9E85-81BFE8DFDD10
477046;67219C44-EFAC-4400-A257-F670E8C3ED4B
477047;19CE31E5-89DE-47F2-91F8-0317C59E8317
477048;028B3B9E-67FF-43E8-98A5-646C6EA58600
477056;DBDCA7AA-0FBA-4942-B76D-9F2D0B30C573
477079;FE964E8E-A5F7-4766-9D7F-A05C05B96422
477085;B4F8D4D5-6968-454F-869C-83F0A8763E0D
477086;96603179-1C70-4C7D-88F9-BFDE7DF6E5E4
477089;26DDA51D-91F6-4D1F-B345-AD2F5231ED74
477101;D386C043-D27C-4C98-9A2A-9881846D9C7D
477114;9A5FEE18-3B80-40EA-838D-564AB10C136E
477160;120C0C19-CFC1-49BD-85D9-63466F2E69DA
477182;29800244-C34F-4306-8BFA-30303018740B
477185;B4B1E9E0-851E-40F6-B71B-1BC73C1D3953
477204;A5B5DA87-D5C6-4E88-AAA5-92E7907FCF4E
477214;04882A63-BF28-49F2-8BBF-FB24A9694CD2
477229;1105073A-BF99-4A19-A403-DB0D55FDEBDF
477236;482EBCD8-108C-4245-83C8-F84B28286AB2
477237;F01FCC42-6116-4EA2-91F7-4948764060B3
477243;F7EBE2EA-6362-40C8-88BD-677FBD96E8E2
477262;09A48414-4402-4AB5-8217-FB0839D16BCB
477263;83D387F8-06FB-4A4D-AC02-585A1C7F16D6
477278;773D6966-B222-4400-9EE7-F0A4D20A2A6B
477279;8578AFFA-B4A4-4125-AE5A-6C7CE407D34D
477285;4CE5B7E6-DC74-4C6F-AAE4-61F5AA5F5A45
477287;FD41EA30-53EF-4F96-A7AA-2E5B8F890127
477364;08B5CA1E-4BCA-4B7C-9DAF-2384E9117DE5
477367;4812EF1C-910B-4FEA-882C-546AC22C71F4
477374;B1498358-FA12-4E52-81BF-BA06B7629944
477382;F6E89273-BF67-489C-B78B-22F85C26CBDB
477384;EDEF731C-C80E-4EE1-8856-1CDCE43266CA
477390;089A4485-BBFB-472D-AAF8-1912CB27E009
477394;B0155EC5-1EBE-4186-96C8-7BB60E196FC0
477410;06C5EF11-FADD-4E92-94E6-D88EC93EF76F
477411;9A41F071-4262-4593-9C66-A9DC863DCA0F
477412;2E220062-622F-4D2B-898D-880AC41878FB
477429;8AF35E9D-9933-4575-870E-9611BAEC80EB
477432;725CDECE-6941-4FD8-82B0-7CC30EB33F04
477479;F4E09105-4A87-49C3-80CA-A00C4B42E404
477481;E650A924-DD8D-4264-AD76-D83BF2660437
477482;47B16A33-0E23-4C98-A042-AD16D581A172
477497;B99C371E-05A3-47A4-8FA7-82FC6F66E595
477503;DF7F008F-7AE7-491D-AEE2-A6ADCE6FB9B1
477506;6F6BB2DA-B903-482F-9C5F-8590AF3A6E8B
477517;102F094F-77D8-4149-B5DC-16FCA6542064
477543;24DEE730-0475-42A8-941B-B512F834908B
477551;DCB3033B-8769-494F-9033-85C86D3B6D4C
477562;2D8E507C-783F-452D-A745-51BFF929999C
477566;F77C359F-F569-4026-8C74-26D646A40482
477584;6CEFDF53-9E13-4A5A-86D5-4520A3243579
477587;2BC6941E-EEB5-40AB-AD4D-99EC35EB7BB3
477690;E4D2CC73-1865-4B51-A5AC-963AF066E896
477701;8691BFB5-226C-43B9-8C00-F4BC67F9354A
477747;776F76B6-641D-433C-915E-17FE31D80A16
477768;721B6C8A-39B6-4B7B-ACAB-A360423C4EC3
477781;889406C5-1B59-4263-8855-EA927E9D120E
477787;9A9F3BBA-44AF-42CD-A5A9-3E50D3A699CB
477802;2B454BB9-E684-4AE0-AEE6-0F3490CFC62F
477805;E02641FB-B29A-4199-9656-0216B3FB7851
477820;D3ACF98E-A781-4B6D-98F7-BA735D13FACC
477823;2DF06FD2-C9DF-4FC8-8A5D-FFFA700D1D3C
477831;18C8503F-E2B7-420A-A8A4-AF60296FF453
477832;F847518F-6571-47AF-930A-B5BEE7BD2852
477833;A74C7D67-0828-4ACE-9CD2-968A85A0A772
477860;E9AAF66C-F4CF-4C0D-96DC-9AB27F4D6F99
477863;6A4BE7C4-7A43-484E-871C-BD64E839928B
477874;DFB037C3-D837-4D34-98AE-51D47C87EB54
477879;C30DADFC-1A73-4B87-913F-4941BD8A83A1
477891;FE25F0EE-2B37-412D-AC52-22CE925F7EC5
477908;3E877075-1717-466C-AE60-E5DFF9E97B5E
477916;295ED793-0901-4EFF-BD36-9E1C652BB444
477923;5E0043C1-B89B-4B45-AAAE-5006E493AB76
477934;25D231F6-F68A-44F9-B52E-1114CC5970C4
477946;160E4A3C-5AD4-4BCB-96C1-287DC0584AFC
477960;7A857351-D53F-45BA-994F-7FEBE550C587
477972;2F178846-1B8B-4099-9AA2-F213E4324D20
477985;5FC81A39-23D4-4563-82B8-3AF815478953
478021;3C8AF1D3-B2E0-4585-8444-360810E70323
478029;506DDDBB-1EAE-427F-8F16-41C38974D9BA
478031;6417828C-FC64-40FF-AEAF-947D8AE6A698
478038;FC39AFB4-7B76-429D-91C1-CA86FDFC6B6E
478042;C6397A7A-EE4F-42E2-89C4-4CDA28765B93
478057;53914ED0-143B-45C2-8CAB-D3F0FC5F7410
478059;367007B5-A7A0-4828-AE13-9876EB9FAA2D
478114;72FF6E2C-9CA2-4EB4-B704-87650E994109
478118;599A6D0C-E3A6-4290-AFC5-F60E62E25149
478123;9938733C-4D03-4BC3-8344-960916DF05CD
478137;61202A21-A5FD-400D-9D64-74E45B097498
478147;132F0FE7-CCA6-4CB3-BABF-B0F24A721EE1
478148;801D81D9-6D33-420B-90D1-A703457065A7
478150;C676F6EC-C055-4010-B078-6EB7CB3913C1
478161;828C04FC-586F-41A0-AFC2-EF6DE863D90F
478164;00CCF85D-1708-4EFF-91F0-8DFCB92CDE42
478169;BE641B98-DD3F-4451-9C6D-CCC70A8A3C90
478178;6AAA6B86-BFDB-4BE6-BD5D-35C3439D2442
478179;F0136F97-025A-442D-A53F-0AD897F83BD4
478193;AF5893CA-6057-4023-9017-301E2C8A4841
478201;BEBA0BB3-7609-4ACB-9F23-9D736C73BE14
478248;ECDCCC0C-C58C-4219-A4A0-138E3AC06440
478268;1F072631-8DF2-4260-B43C-AEB75C271A0D
478293;EC6170E5-A991-4F9F-9EA3-F13138BCD807
478297;1CAE97C1-1631-40A6-83DC-FF2EF3F2999D
478326;0C855324-7343-4CF1-931E-0C0AFA63DC90
478334;E0CA1984-7E97-45D2-8D2D-9DFF05766093
478335;208F8891-9585-4E82-9191-90466ACF1476
478336;DF856427-0D10-4845-899F-22C25E6C3AE9
478352;14CCC1D4-3BDA-4CB5-B78D-9C8BCA61D565
478399;90A82F2F-13E6-4A70-8E5B-94BD0A4B3287
478462;5E73F38F-9065-4863-801C-37A0F709F0E2
478486;29FF7229-8650-4827-B362-277AFC0A0FFD
478491;47DDD19F-5C57-4EDC-9AB8-9CFB15DD7662
478497;0A3D8088-3591-421C-A6E6-C5EB389C980C
478525;3295230C-A072-4ABC-A8A2-486AA4C63B81
478536;6A195967-7DFA-4962-BD50-7E62BC0D6061
478549;48C7EF09-A366-4C79-B67B-9FE0CA60ED67
478557;5B6A1997-435A-465E-A6F7-823E40D60833
478570;014A9DA9-A76D-406F-84F5-F985BB3025F5
478572;E444C69A-AF1C-47A3-96F1-FD57E32B9C8F
478575;3CB4FA8A-F4D6-4197-B7EE-79D185F16E6F
478577;A3A6BF5C-BAFD-4B34-8317-3B814490A38A
478578;ED7822DA-9D41-4A37-AE36-47980C4A7FE6
478579;DA69B3A9-F98C-41EF-B5A8-24135E29543A
478580;313EE20F-D1FE-409F-A4F5-14DA13B1BE3D
478581;65C3EF71-3673-4FA8-B7DF-374DA0A25CAE
478582;D0D7EF28-358D-4E93-9C54-F26BC28BE0E8
478591;46C503F9-489C-4B42-A7C7-8037B13CFC67
478593;6C4861C4-9A84-4C1B-9B7C-C8E711AA2B8C
478612;91137CD0-C6F1-475E-8956-C23AD9581EDE
478630;C7036FF0-19A2-40D0-9721-E5F52D0308A0
478641;7F7FC746-4E11-4268-A9A4-50914EE82C08
478643;AF573798-F8E9-480F-A0DA-BFE2F0CCB7B2
478654;0885A12B-8A09-4FE6-BF51-D40C827DF31E
478655;4F95E79E-9A2C-45FC-B6DC-229DE909C8C9
478659;B4E52190-77EE-473E-A164-C99BE1B683E3
478682;3232997D-D8F4-423A-8F1D-4E46AB5C69E1
478713;80E07009-B0A8-4757-80FD-BFD705510F8A
478715;5BE2B407-52E3-4ED8-95C7-F4820687DEFA
478731;2E45F47D-23E7-4CF6-9B7F-572C36D65E04
478743;76F0BF4D-C7AE-4EAB-B892-3AA34848FF56
478764;F9631CB4-46F4-4A1D-BBD8-9A027C1EEE7A
478765;DF5AA3BC-0E5D-475D-B1FA-111A64096623
478811;821F4BE5-036E-48C6-8A50-2E59C9FBEE45
478825;0EF1C61B-7337-4D4A-BBE3-475572EFE56D
478834;34D3EF13-BDAA-4F4D-841E-61300F82DDA8
478855;467BE09D-A7B1-4EFA-8768-295493D8B16A
478859;D8D91B04-A756-492C-86D8-06D7EA0C62DD
478861;92177F9F-9030-4798-BA15-05EC853B3BAF
478863;8E34DBF9-636F-44D7-88E9-1FD0E0189C8F
478874;26CBDC72-12B9-4271-A43C-4B74BBABC5FA
478875;31E5F114-AA79-4538-9D87-FC7ACE6DBA9A
478876;AF0DCB01-CD57-499B-80DC-2B4C29796F2F
478885;E9F0801F-2D1F-4C54-83A0-B0D471588647
478886;2E59C28A-7C69-408A-BC21-43033AF7724E
478888;1A343640-1708-4E8D-B3AF-B2370785241A
478893;670174CF-8700-4191-9E5B-DEFB1CADA67E
478903;67B97CC5-5112-405D-92F4-56541F95E0E4
478904;2FF9CA00-BEB0-4D27-A868-E4FFB9787927
478907;C6258A6C-A79D-4805-888C-8AD631510466
478915;30A063BA-09D4-413C-91CA-B3E3EFB798DC
478920;180E1456-EDE4-469F-AF5A-4329631255BE
478924;BA22AF75-E60C-417D-97DD-B6F340DC50BE
478925;554F8519-A29A-4ED2-98B3-F96F32EBFBAC
478926;0BD8D94F-91E5-4B88-927C-02B7F825FB75
478929;A5C42D8D-BA45-4AA4-8BE6-24107862B16C
478959;4C41F393-81C3-48B2-9FB9-2287DA51E8A4
478961;FB5A0BE2-4D93-45E9-997A-C932D49ED8C8
478962;80501690-600A-4B2D-BCA2-AA08BB1CAB10
478963;A83E2AC4-8007-4578-8637-014961DBED8A
478974;D2E767BC-877F-4916-9C6D-4CCF362FBB52
478978;7527259B-7EEE-4774-BE8E-EE09E843594A
478980;D3D56BAC-0E3F-4116-A94C-1CA8E4BDDBA1
478990;4936B001-D8CD-4673-9286-FA97751AE5A8
478999;EC9A4751-0453-4342-9800-CD5ABED77D73
479010;FACB11DE-CB13-4CF0-9425-10A07198FEB1
479011;9B874770-73BD-4FA5-8A5C-7E41663A9509
479027;3FA9C6E6-4841-4641-B5B5-CD8A0A8018E3
479036;35B15A12-B691-4DD2-9281-3233B648A1DF
479052;28034269-2252-4FBA-B8FF-5B9100CBD6F1
479066;5A16F7CA-BB27-4889-B937-AE3C84140B12
479067;AC65A0B3-E378-4F8D-B37A-D8D05D7F76EA
479073;DC57B623-0F56-4563-803A-6493182C4456
479074;BA0E8651-468A-4455-B7CD-6BB6DB9C82A2
479075;3FE969C6-0D5A-4FE9-B27B-E7FA0ED15732
479091;40C65CC3-DEDD-4BCF-A3BA-033051AF9C5E
479133;E6EED5FF-7F3B-4093-B41C-8C48CB589CA7
479161;48E9B539-5838-42EB-972F-1C49677E8825
479248;72F3DBD5-B0D0-45CA-8025-90B5F08BB6AD
479374;D1F843FE-61F9-4230-8464-A766529942EC
479375;199DF868-4CEC-4476-8593-4D7B9D438EF4
479392;8B7D8951-1058-414B-A135-FE5F0DF5A1D5
479396;4DAA4FAD-9466-48E9-BBB5-B06F069ED4CE
479518;E723E591-78DE-40F7-82E8-2647DC55FDFF
479526;53C1B573-D709-449E-8BD5-C26979145BA8
479527;F2908C3D-70C7-49C8-915C-FD5C74755864
479535;D7EA3D29-B2B4-4D24-9EF4-D3129786F3CC
479580;7E7DB9BD-4A31-4D4D-A377-DB85244DEDE1
479595;2757C825-6092-410C-BC37-EDFD699D889A
479601;AD197C9E-E9ED-488D-9429-DCABA173F412
479802;5D2612C4-76B0-48B5-A935-E30A80291BB5
479884;61EBD1CB-BF3A-4177-934C-1BF28A7FA294
479885;480107DA-AEDF-4C37-AA87-38676A01D3A8
479890;F2211873-F92B-44B9-B3E7-D2AE19FC6A0A
479891;8623F80E-7676-43BE-B055-9DF955FFBE0E
479893;04C4C80F-EE33-4D2C-AC4C-69AD09B90D71
479894;BC486D83-579C-4647-8CFB-AF38DC96C639
479896;9E063C01-9FB4-4E78-B670-1D1DDA0E67CA
479897;6BEF1545-D520-4370-A0F4-64F08A81CB93
479898;CFC1CB06-2CA6-48BE-8411-D3091CE3C4DE
479900;73D0920B-F819-413A-B940-B51394CC1FF8
479901;D8383303-3DA6-4624-BCC3-52AD88D973FD
479902;3A87AD34-5A66-45C9-ABD3-64CF5C7E788F
479904;20ECDC58-71A7-4C12-9E01-20D3A70064E2
479905;7C85F1C3-676C-4C16-8215-53A194727E75
479908;2B34C05D-5166-409F-8090-3C622DC50025
479911;C0DB1B66-B410-4C06-8A2B-E22328690F61
479912;06E6D891-BFB6-46A1-8604-56DBA11C28D8
479914;33B57522-02F8-410C-A853-CEE333A02312
479916;1959C216-191D-4578-A829-0A60C36F990F
479921;AE538DBC-D122-4315-B479-B98C1A82047E
479955;2F27C8A6-00DE-4A11-B4D9-1DAA685EE8A5
479998;83E27823-DAAE-4F36-951A-DBDA60F36657
480006;ADD77575-239D-425C-BEB1-B3D87C028FA9
480033;761B7265-9184-4410-98C1-5DC00BBD7376
480041;D9DF1BE8-1262-4BD8-A978-95C138FC9825
480066;78AF22D2-FF4A-49A9-803D-02A8757121CF
480072;9C59D954-8E8D-4F35-863A-FA18EFCAD229
480081;230A11DB-53BE-41C8-A64B-A028003A7E07
480085;28701538-F43D-4985-89FE-54B712E08D1A
480088;E7D60866-1474-4B5D-BB11-AC93D1038131
480100;F49A8E95-B33F-4E26-AC73-F2C636B48A9E
480107;36485B55-BDFF-42FE-9CCD-E64613A4B67C
480116;96D97246-9990-4115-B3B8-C4451D6120CE
480140;097FABD2-86AB-427E-B8B1-650052C20A4E
480144;895D094A-86A7-4B35-833E-7CD5497A45EC
480146;22507F18-23DB-4900-9275-C03C1C8B01CB
480156;69CFBB82-5064-402D-843F-B27B246FB7DE
480157;B1FAC243-6166-422F-A68F-7AFD96A2198C
480177;C671DBFB-0ED9-499B-A30E-A3093183F697
480188;5F51913C-AD3D-4249-86A6-04B6D59CCA94
480194;99EB3D1A-DE3E-449F-91EA-8B96806D52F5
480223;11C08B7D-79EF-448F-A1B8-B1D07DA25AD0
480228;20D8E167-8B82-4229-9D22-E546E04E3B5B
480237;754270C9-4D45-41C2-8218-A1FDDAA267D6
480297;288D41C0-FE3D-45F4-966D-A46D615E7D58
480377;3A717CC1-E6EA-49F4-8F61-2F00A5890D9B
480425;904B40D1-9A13-407E-8306-A1DFB3120CFB
480455;D86690D1-3605-4C60-952F-21FE21D73863
480503;41182818-329D-48A9-A382-302773CD7000
480532;34BB4477-A349-404F-A8A8-07A16B5F537D
480554;9A0031AC-A865-4DC4-97CC-ACD41F18168C
480562;D9AD3160-5DB5-4B8E-88D0-6BFBC5805298
480573;CB5563D2-BDA0-442B-93DD-387D59E27E0D
480590;289F4E6C-D6D9-4917-9A9A-7961D5DC1EC4
480594;F8BEFEDE-BF38-4622-9BE1-35E9261EB431
480596;97532B03-738C-44E0-8AD0-0FA748A8B2C7
480646;69D419AE-7823-4950-9B3E-B7E7900E5C92
480651;E9A676A7-F377-4BFE-A103-F3BDC4FB089D
480654;5A269BFD-9D45-42E0-A6BB-75C105E29DA2
480663;F6658959-E318-4295-9BDF-306502B4D59A
480678;D38C99B7-2EE6-4AE7-AC60-F49A3AD53D27
480697;B41553DE-D427-4A3C-B58F-005451020F47
480704;D982E89D-7B92-4479-8189-9E02A1B1292E
480706;9AF61BD1-B585-4B2F-9609-D7848A8E2FFB
480710;76688A78-6077-40CB-A74B-27077D8633AC
480720;5B96E1AC-4D61-4589-98B1-D478A83946A2
480745;9B9FD469-0513-4D5E-8985-3797B4AA6AA2
480761;0E174ED2-C743-49EC-966F-2C0AD361D281
480794;A651DDA7-2F5E-4FD1-B574-EF043FFEACF3
480795;E91A74DA-C192-406D-B15F-BD9D23C07AE1
480803;4011576E-C1DD-46EF-BECC-E08793D2EE41
480804;945BE43F-2714-4558-AA02-4304C88E7710
480806;D76BA4B5-CE8B-4949-B750-123EEE10DEF4
480807;9D0AED27-5534-4EA2-9A4D-3E45CD6E29F3
480812;4A33FF35-59C7-4490-A280-2BE86CA97192
480830;F8350119-110D-4C45-9E34-ED68EF9139BE
480831;C7D76FAD-3B30-4ED5-8AC1-1A1521EB77ED
480875;20C012F8-9C2D-40D6-B17E-AF3E34B06636
480919;40AF4092-C88D-4A80-AE9A-56DF173D4DB3
480922;07C53C39-352F-4AA7-950D-E57AA2C22F55
480941;EAA306F5-0600-477B-907D-1335B7B45C8C
480948;6625A2E9-6BCA-4F7C-A4E6-0C463DA840CD
480972;689A3869-A67A-475D-8B49-6F6E8CDEDDAA
480979;A333A5A5-5618-4ECB-85BB-8E5A155E77DB
480981;FC22C2D7-5FEC-4D80-A1FB-44207E209E19
481023;9E2AFA8B-F865-49A7-83E1-5390DD461725
481032;40111340-F70B-4D40-B102-1279C5EB97A0
481033;3AA82DBF-39E1-4412-B4E0-DE0E61713AC9
481050;3D3A80FB-61E0-409C-9404-BBFF8EE20C9B
481071;9A971454-9F9A-4ABC-8995-A5B0810DDD63
481113;8365ECC0-6E89-4438-A250-340E94C4D6A5
481146;370FB77D-9FE8-4E2B-A24E-DFA85914F170
481149;81C44052-AE16-48A4-9891-E283302914CA
481176;A136C1D3-148A-42F3-8738-D55806DD349B
481181;C911B781-85A7-473E-B996-86829A185F02
481192;59A94852-C2F9-431C-AD48-675667BC4BFA
481197;E0637784-9E58-4032-BF38-2F0C8208AB5F
481213;2F13275D-33B1-4580-BA36-F3560768230E
481234;F7DDD2ED-51D6-4C53-8D85-F1AC270A5F02
481259;2A4B4F8A-EC08-4678-91C5-C5AE06435293
481261;1C9F65A5-79AB-45FF-B5EE-568AB2CE86D8
481304;08E9EB84-45B2-4D03-91EF-9D46CB0FF94F
481307;D5BDB125-F4AE-4294-89C8-FF3E6399197C
481308;AB537502-1B09-4044-949A-0E4573EE8147
481315;46A97F95-2848-4ECF-8B75-759732C804E0
481364;8775409C-B65F-4F72-BE08-C3CA7651E2F9
481370;A8B6238E-396F-43DB-AC06-513A872E04EA
481386;BD47FA5E-0143-48EA-AF71-12A06E881EC3
481392;BBDB70E7-ACEA-4A0A-915E-4FA5005BA511
481403;2E097D05-5C30-4227-B178-D514267AA0F4
481404;32465E08-EF73-4929-8859-43DD0E6E5209
481410;6D001132-3374-493A-BA80-3104CFB5FF2C
481412;A3B18A6F-5EE5-4C1F-80E3-ED6EF67BEB35
481418;CFF813C8-EA70-4E69-89A7-A7CC191C32DD
481446;66C49491-78E7-4007-860A-23F2726F8DCA
481447;CA949A4F-0372-42F1-9DA8-5ACC3CF2AC92
481482;FA538976-27CD-4D74-B54D-199B26DA45F3
482196;22ADBB47-1237-4836-AACE-77AD82E79015
482244;DE42FF1B-9811-422D-829E-88A6617F4642
482321;42A00FE3-F8BB-4CA6-8D11-A444DD9FD782
483501;0190725F-EC0E-4591-A582-B1651BAE2E19
483514;968DC38B-9F61-4DCE-9A15-FDFBAD8DEFB6
483526;268E60ED-C0C3-496C-AD38-DC1D321554C2
483568;53F27939-C820-4867-8D1E-35AA0EF43DD0
483569;0A289620-41F9-41F3-81FE-BA26804C9A5F
483720;A393D6FF-A793-423B-B976-752F64FEB1B6
483878;BFA13D20-BDEA-47DD-9F94-681DDDF20BE6
483943;3CCEB386-ACC6-4E96-90A8-83CAC4FC5ACB
484138;02EF3950-D43E-469C-89A5-8FCCE3D03B5A
484226;9D3ECA9E-23B6-4B1F-A7F8-73AF71A13F2D
484239;D7C3DABC-1FA1-48FD-9913-62EFF22268DD
484253;CD5E78C4-30E5-497D-BF76-C66C0DE715BA
484254;4E975BFD-1D14-4C3B-BA69-83890FCB5A92
484273;31210355-EC04-4A65-BEE7-8105D92349D3
484307;04BB2D0F-F093-42C2-AFCF-CA9BE531B9B0
484308;E85915AD-E14D-4E4B-B749-F1BBA2269B04
484310;962B0CD0-EB45-48C7-B223-3C0DE2B04FFA
484331;925C12A3-5B92-4FAF-A88F-7B5807F1DC0D
484587;CE2CE859-D6DB-4968-8FF9-1B7C6CCEC70C
484590;A7051F37-B096-4C59-9F99-F1ED44ACB8A4
484599;4EED915C-2071-4F61-852C-A667C97F725D
484605;1AC61298-0E7A-45EB-8055-A77F03F08DEB
484607;A95E9DE9-6EB0-440D-B8DD-4D283A24107E
484608;953690B2-CB5C-422B-B5B8-EE34F4C678B5
484609;AE2770C3-182C-4E4A-8C06-E390D66ECB4D
484610;A997A9F3-C0F9-4EB3-BB2A-780E766666DA
484630;B8F33BF0-4A77-4A91-9587-C8BD4C3F21B2
484645;8EE0EE84-FAF0-493E-9110-6C3CC1557A66
484648;7675384A-E6AE-4337-AE19-EE2CBD236EA8
484650;46A06BAB-F5DE-4C89-98D2-00BA3B1AD661
484658;7FCD24E1-BC86-4B5C-86E8-5394C1B19057
484660;48E41F4F-F233-4F81-AC30-A110B53BF476
484662;B4D60770-C9E0-4830-A42F-BD6DB296A000
484666;4ACBB5D8-9639-4B9A-834A-55E6393C62BD
484669;88C61AC2-4742-4D4E-BBA1-2D88C8FA036B
484670;5E262951-BE6C-4BBD-A640-99501B63221B
484674;1BC30784-B19B-4CC6-8629-4EFD7F20DB46
484675;70D5B673-6C34-4636-B076-8C0438AE14E1
484676;2489283F-2366-4B70-BF1E-7EA1F17939CC
484677;DBD9CF1C-F6C1-486E-B523-02824017B6AB
484678;55AEEA0B-CD55-43E6-A73B-BF8D29762939
484679;3AC8EC44-C154-4CED-AAB5-1766B041F48C
484680;A402A32E-1979-45F2-9C15-2B01ED8CC4C0
484682;C711804C-4217-4D41-8457-8447C0E3A2D0
484687;935B7047-87E8-45C8-B8BD-C62B7951DEC2
484688;A37B79CA-8117-4255-A68D-6587AD0134DA
484689;B6AC0604-FA13-42C5-BCD7-F83078FEF20A
484690;46144753-135F-432D-819B-F360DAD36DA8
484691;A27576A4-F910-4E2A-85F4-D30ED9BC57A0
484692;608774F9-99CE-4F43-9495-7736ADD1DBD7
484696;DD6C9E96-7383-4306-8F40-FC1A70F5CB9E
484699;A564E064-427E-4A80-BC70-FE0CC4B873B6
484701;2B40D11A-9864-47CC-8017-37B4F0A63286
484721;7790825C-EAC3-41CB-9AA9-3405B259D33F
484727;46488B99-28A1-4F2E-AADE-97A2677280D7
484730;03CB5F98-EFB0-49BA-8FA7-2FE6F9941044
484732;70400FC1-C38C-441B-9E66-8C3D3702D65E
484733;EF603181-88D3-48BE-8323-0067D4B3E25A
484734;113792EC-3130-4895-82A3-8A15C6E8D0D2
484759;A42A4CB7-0309-4A60-9198-7EC4CA61E254
484760;6BF51502-FD0F-446D-9742-A678943F76C3
484778;7DB08926-2E01-424B-8A89-8E479407FC34
484782;BE4BCE05-9940-4FC2-AD6F-7159E87BE884
484798;64D67761-A26D-4367-B600-168572BE787D
484999;7A7168F5-9CC1-4D1C-A9D9-F1C0AFB2E805
485121;203FD16E-6406-43A0-A518-497CBD934C4B
485141;D2872780-6754-41D5-A536-BDDE6C8E1A03
485170;6D50CE3C-81A5-4E67-B9BC-D108C7E3F3D0
485289;2F9626A5-750D-430E-B9F1-24A9286EF578
485392;C9E00A84-E2D7-416F-8C4A-0D2EBA55D2B5
485595;C44EF39D-AE82-46AB-9EC9-F147B6014EBB
485610;B2ACB1EA-F584-4975-9CFD-D3A86397DEF9
485648;B1AA418B-1C52-4F95-A579-A4EE8EFF2162
485650;226BC79F-9928-4C1C-8B2D-25875E3C8ECE
485749;D3D8826F-F588-475E-A5AB-2163F99813ED
485750;2446F63A-C1C9-435A-9231-FD0678CCA1CE
485912;BDCC0511-71BA-459E-BC8C-154B62D21817
485915;D4828AF1-4185-4DB6-AB4A-9599A5EB8972
485943;C6EC8A97-359A-44A3-B9A6-1EA4E26D771D
486082;ED958B80-D9C3-48C1-9D8C-D0C34A13FE3B
486112;37C00FE2-DAC6-481D-AFEA-CF321A9F9388
486139;71D1C87A-4BD1-4CBC-9841-FD2D35A4AC52
486176;01163950-28B4-402B-8436-169DE87800F0
486247;F512EA78-651E-4646-8C65-71C1CC0AD728
486325;170FC8BA-8A88-4410-8ABB-92AEA8D556FC
486333;370BC660-AD91-48A1-AD88-943C58E72C3D
486335;F74483FD-DB47-4105-B444-89554014C090
486557;7C73CAB8-2D04-4A03-B96A-6AA2A1E01EDB
486591;F3F6C070-4BE2-46FD-850F-7487C5239852
486612;74FBD8B3-2892-4108-A748-F658735E3FAF
486624;6B1C5BA6-8605-4ECC-9480-2FF4B8AA60D8
486708;02218541-416C-47F8-9486-5C8F206DA21A
486714;03AF4FCC-94AB-4F81-BBBE-3EA638583412
486715;C1F820BB-B8E9-4B21-944E-B80B15C56E47
486727;0E581293-E589-4371-9194-328A128E6971
486789;1B1859F9-A1C3-408C-B172-B92D186F8E56
486808;3BCEA469-368B-4EE1-BB99-640409DEB68C
486812;77B52644-4483-4A6C-A454-61D7BC52C19F
486813;3E409761-835C-4D1B-A960-01634CF2F9A7
486931;DECD16DF-A9E3-4AE4-9B0D-98568A74E4FF
486944;F74189ED-4758-4931-AE46-23605C0FB029
486948;B912E567-28C4-4CED-B9DB-1A4434383580
487100;C4298F24-693A-4C30-8EB0-9F38B74F1299
487162;D9163422-38C9-43CB-837D-E3C4C546037B
487219;5469BEC2-DFBF-453C-9F70-978061B2C832
487303;A5AD5377-4B52-493D-A6F3-34F0A273B6A1
487305;E5D5ADFF-AFA4-4676-ABC1-C99947740E66
487308;069CB0F4-E864-4DFD-9A51-8E057784E65C
487309;C12C05D1-9131-49F7-B485-3D93AD9ED8C0
487321;91254272-FCCD-4DB8-B13E-2A30EE73C35A
487334;0069B79C-E76C-40E1-91A0-58BB80B27FDF
487363;2E97E5F9-7A04-49DF-AB4B-8E5C87D2574E
487381;72A71835-862A-4E9C-B199-0A1E4926D10C
487393;FE7B114A-358F-4EB9-B7CB-37F24F0F38AF
487396;0F006193-44DC-429F-9320-8701901A666F
487431;DCFC2A66-3626-4E46-949B-B78E7D6DBD62
487507;21AAB1DC-57AD-43DF-8FD5-1E7F5AA00CF6
487524;E882836C-CA13-4D71-9CA2-B9CAA6B7E700
487532;B80B4709-BA45-485A-AF29-6B433081D6D7
487536;9396E2E4-AC41-4E52-8A0F-92EB2DDFBE21
487574;DD4D5011-05A1-4879-AE4C-3D254AAE6442
487645;5FEBA020-A0E1-4EE4-8552-C418F5E94B34
487681;E65ED7C8-D1EA-4402-8077-9061F4124152
487693;690C7C0D-8751-42D7-A651-9633EB047B80
487703;52AB0A51-9075-428E-898E-8887D4D4E390
487708;B16E59A7-6A25-419B-A026-26CDD9192EF0
487734;A9E763BF-2E98-436C-8DB3-5E5C0CC39177
487739;A40531DB-F712-4B88-AE67-59096990D9A3
487754;4F01299F-68B8-475D-8F08-9F1DF7AEEBAC
487763;F25D938F-32A9-40A0-8F99-411FE0254ACF
487765;B4A9312A-8CE5-478F-9809-C87F78AEE60E
487781;63FB97BA-8DEB-4673-8435-0E8275F364CC
487783;6DA87B2D-D88B-47C2-B73B-EB1189DF8F41
487785;1B359E78-DF17-43A4-B992-178CF6CC1C4D
487786;CAF3A29E-71D2-45A6-9BD6-CDD44DCE9522
487787;BF323A3D-9554-4655-830F-A5B2E92FB3A3
487790;62247713-82AB-4AE1-9669-C6A8619A7FE6
487792;B26147BD-C8F3-4BDA-9C57-0F15BD4D385B
487813;7C5ECFE3-E232-41E5-9302-4847E55E9586
487815;81FDBD58-5705-497B-AB23-54E31EA8C45D
487819;B50BD19A-F5A9-405C-984B-5FF2E24BBA10
487824;A1202DEB-0F23-4A10-BD53-4A9CC7105A46
487825;7DB43A71-9129-44E8-A3AB-AF68A8CE160A
487826;B92E8091-4265-41F0-AB61-2CB8148B9C5E
487830;7C8854B7-4809-4E6A-B806-B21DA5CEB7F6
487837;B45EA751-FE40-4AAA-8C8C-6ABF2728D5AA
487851;EF68EFD9-7A5F-4A18-B4F0-0D93FB867F80
487859;6EF00AF7-583A-4587-BA9B-06DB17684268
487860;3DA151CA-7E90-4E45-836A-8316047E6AAE
487877;485305C2-9263-4E27-BB6A-20D0DC71A816
487891;51014613-FD29-4DF3-93B2-73397B347A27
487899;84422039-DD50-4A15-AF39-BF37764BC524
487907;1AE8CC46-23AB-4102-A3CE-150A9602898A
487909;CDDEBBA9-5A71-4D9C-9DB8-F4A95B3C8F3E
487912;2C61A72F-1A23-49EB-91A6-BE3276712856
487914;98ABD251-106A-4E36-B73E-16D4BC44A5D8
487921;17F3FF85-0E1B-4C10-BBF5-8A5E072BC938
487926;7A5C657D-2EF5-45F0-B3E2-8FD63ECE71DD
487929;0B323577-D170-4A1E-AFED-ACD1A28DAD86
487931;0A5C87E1-55B3-434D-9726-74B70F2DE37A
487950;2B535501-BB09-4988-8BB7-9911A2C48512
487966;27B19DA1-D674-424A-B554-D8FB7539D2A4
487981;BEC38722-7C9E-446A-B901-54D24A5DCD3A
487983;ABCC3914-8C91-4FFD-84E6-F7CE3FB814F9
488054;A5363F13-8129-4B74-819E-89FA411A5A61
488091;CD45AF37-8E62-4C83-8F59-288B2B3F2787
488093;B9F0ADD1-9857-4068-BABA-09D6693EA450
488107;22A6C6D2-9EA1-4C09-8C7A-57088DA862A0
488152;25392C03-73E6-4ED4-8E21-EFC2FD499F0A
488222;65B28874-39D6-4A93-8AC2-6F2D7AC3D349
488224;62A55557-468A-4D66-8DDD-D300BD174927
488230;FFCE1F56-E6FA-48FA-96F0-C8BC4E7EAAF1
488253;99C5A365-1F22-4CED-8AA3-E3283E5BE89A
488351;99BA5757-0642-48C3-9EAF-2847B9896F8A
488399;EC9E23B9-A850-411E-BC09-5AE65457B8CB
488439;A22C32B9-416B-4300-98AD-AB354ACF9791
488486;9F7BDA2F-7A91-4F49-94A2-BF20FA214C42
488487;830007A4-095D-46D4-803F-C5DEC44C3628
488491;1C552A78-011B-4219-97A2-8A209707CFCF
488560;36D246AC-88E5-4C5A-9A76-C76EC91635A9
488632;CB57F8EC-FE9C-4835-898A-E3595AE277E3
488692;B9F228E2-C8DF-4429-86FC-0340CC4DA7FD
488702;5CD17036-3EED-4674-ACC9-E76DF96B3BCC
488712;03AE098C-103A-4849-B270-6CD7271A818F
488724;97C3B207-DCD3-4B6A-9CD4-F8FBD27A1ACF
488736;F073A2B5-B88C-48BD-BB34-1A40F297B789
489193;3292CB78-18F5-44C6-9D55-5160C171248C
489195;80623D18-6ABC-43CA-9735-E2F71F1FBF65
489210;1542C3DD-CC75-46E1-B3BD-34D0A561018D
489235;8123CEDF-1064-4950-84B2-40A4E9D7E3D0
489236;1EB48808-67A3-4F35-A023-A7288D84FCC5
489237;8B98DFBE-36FF-4D3C-9244-C6A6D8A80E38
489238;746B78BC-975D-4CEB-B062-0794ACC28586
489244;53B1CE6A-575C-498E-AD02-B4063CE638E3
489290;7BBBAF91-4B05-43A1-A134-A1388188C45F
489304;1FB34181-F840-4538-B9D1-70EC1CBE38F6
489325;A4CA764E-2A12-4879-844F-B97ACC29B68D
489344;DF441816-B604-4A3C-8BDD-A13F8FF804D8
489357;70DBEB22-1910-41E9-8AF4-8C96F557268B
489386;40E807BA-9826-408D-9F3E-85CFC3894BD7
489462;8DEB9C46-3792-474F-B3AE-49E645E163CC
489476;5007860E-C46A-4851-97AA-31B97F346A2E
489516;3A0D0ACB-098A-4641-A159-072BDF98A9EC
489530;DC507EE5-B81E-413D-84A3-DFC7A60482F5
489550;040C35EE-312A-45C7-8B03-941C17C10CA7
489572;5E91A8A7-F463-4B0B-98AE-66E71A4A32A2
489642;6DE6048E-6162-4A8A-B747-5BC53C2D7C10
489662;2E4FFDB5-CB02-4DC6-BD28-3F96334154E4
489682;650B01F9-5C14-4865-B604-B2B9B36B0B80
489748;68F172DB-ADBE-44A2-AF1D-EBD14086E14D
489826;3DDBEF94-DD3B-4082-87F0-022EAB354E6C
489839;A06FE0BC-D5C4-40CE-A081-A1D9527C3D95
489852;8ACE5B52-E858-47D6-A430-D6E0D2FB1181
489854;4090D92E-093F-42D0-82EE-F395B974FCE4
489881;2EA9EAD6-C99B-4FDC-AEF5-36211B3B9FE4
489915;C4178F60-3FC3-44E6-92A9-2D757FE04021
489921;304CBAB0-C028-458D-BAB2-2C800B080544
489942;3FB4E71E-BA09-47A3-9D75-3ED0AC906EAE
489959;B677EF1A-6B7F-4ACA-A1EA-1C728FE4A994
490002;02A239CF-F442-4602-9DAB-1F33EAB46701
490090;A0B1DE10-DE58-4E62-B3D5-BAAB6943E63F
490116;196D0194-9B2F-4A29-87B7-B93ABE7FFF1F
490118;3D5CF82C-6170-4EB9-9A3F-ED17713C399B
490120;630868A8-ED25-4975-BD46-08CE9CDE50E2
490127;FDCF97F2-3E9B-48A2-AFA9-99F218D3D400
490133;2EB8A769-1A66-4D1E-AAD2-0E63A0404013
490135;36F9F7E2-0BB9-4A12-AC52-1C33D9C0D1E0
490347;22F29782-0F22-4D0B-93E2-82E8E8FD1331
490458;E6F5DB29-4D2E-477D-907F-E66CD9BEC50F
490505;9B34EA8A-E0F2-44EF-9CE0-61041006BA0E
490523;2D6FD0A9-A4B9-443C-80FA-EB9273912417
490563;3F397929-AB84-4BD6-BCDD-BD671B55024A
490664;D63B89DB-F7EB-4986-BFB0-97909465F80D
490665;6E4FA816-82E8-4F81-9EEA-51360822DAC6
490697;B457CD6E-3B85-46EE-A102-37AB81DDEDFA
490703;C8CEF68E-397D-495B-A042-ACDBCF5E197E
490765;6791D788-06A2-469A-A2A1-06FF69F907AC
490840;9F8A1107-6ED2-4DFB-AD45-3CBBC9A85760
491315;8141D5E3-5445-4496-92C3-75E6AD280BEC
491352;89E1E988-D243-4FFB-A8CE-73598A6B5712
491401;B1975A57-411F-4CEB-A695-FB942B3A1330
491668;4F7C2D77-4A4B-47B8-B67C-FEB6FF5A2DE8
491684;9EB805C4-9C30-4530-9AE0-AC34DED5AAEF
491701;1C64ECF5-4130-4C3B-9D19-9975E20BAB8A
491704;AD5EB66C-80E0-4CB5-89F3-14CD22EBA8B4
491723;7BAD083B-2450-45EF-A51E-36723D03F17E
491738;7097D8BB-9F77-4A0D-905C-B253DAF48C5E
492760;145412E9-2670-42E5-88D9-3D0886295643
492763;E3AD01A7-2E22-4422-A9A7-F0D509C3F8F7
492777;D66A6F54-5018-4345-8BB4-844EBD4E22C6
492794;DEBF5DBF-0DFC-4C35-AAFF-A15ED3AFDFE2
492797;8803E724-5D90-4701-B772-CA165D471745
492807;992F5135-ACBA-4F76-9AB1-4F2D7E2B8355
492812;0E5CDB30-AF30-4A79-B432-684907F569CC
492818;141FC80F-6235-4161-A0E6-68D1C1E8AC91
492827;7C1F0634-382F-43F0-A826-F335701DC81C
492831;457D4756-B17D-4F40-9D3F-5DD29FFD5484
492832;030BBD3E-3DEF-4831-80A9-3D44E54860C6
492838;48F9F972-3BC0-4ED5-AEE6-602FEA465788
492847;BEFA9895-6F59-4524-8EB6-4E0D98A29C22
492849;E962C4FA-6E67-4B7E-8331-A1A2FD50DEF2
492861;A7BC9810-CC95-47E3-BF36-B8F399BD3E32
492864;E3C989D0-A329-4E68-8E3E-D828D032F8C1
492866;BF35B4CE-4F5D-4262-9EB8-6E919744FCBC
492903;A3E546EE-6944-4E03-B994-427124B1B31F
492904;25272B4D-E90E-4210-AEC3-65C952D4CCCF
492906;644E7B83-D599-46D0-A2CC-6992858547A8
492909;68751174-5638-40C0-9FB7-0E21C7365498
492912;F345252D-EA6A-4A9C-900E-42F59B8538D4
492930;D1CE5A12-CFC6-4004-B0E7-C5050604C261
492937;10175AD4-7B08-4D7D-8751-DDCEC08CD38A
493013;8E8C104F-D488-48BA-AC70-4523EFC6BF45
493020;A05035E6-CAFF-4F20-9F4B-D6DAA900B96F
493035;3EEA4FC3-5F74-40A0-8929-92611A8105AD
493058;82984AB0-36F7-4F8F-A326-7EF17DD55C5F
493283;9720A90F-4052-44A1-AE03-668EE857930A
493421;04344CB1-2D14-4F7B-8F1A-2B5AED910F39
493487;A03B9B42-4B5D-4B7C-BF3F-5A1AFD6C829B
493554;5C83AC6D-46B6-43D9-96DE-7FA668293C95
493565;5EA3B026-CCAF-4DA4-9F7C-4B593AE10347
493569;B55A3816-2D54-4891-8632-C82ACE9F9FDF
493572;17BF28DE-FD6F-41EE-87AD-757248B56312
493918;E140A9A1-0E66-4542-9EFC-F29F29C15EF2
493923;658DCB5D-9499-494D-B72B-D3B4C20EF978
493927;CF49CB86-EC71-4962-9A40-53AF1F577D3D
493928;1739C345-74D8-41CB-B722-526F21C339F9
493929;580D97DF-69AD-445E-AD61-3F1335AFC6F7
493941;44739BB8-C529-4A99-9D74-BAA94BB330B4
493945;316327D6-4039-45CF-A8F5-A438BE468BAC
493955;6957CC8B-C4B3-4E88-A132-79E88C48C5D2
493960;B3C18CAF-3057-44F9-AF75-9ABDF6741014
493970;4A0E5F7F-60D5-4C9B-9925-A132764566EE
493979;D6518274-4DEB-4CA2-8FC0-0674842B9BBC
493984;215BFE8A-056A-449D-A994-30FD8D7BA9A1
494094;2F77A2AC-4CD6-4DD5-A763-B0B30D63DAD5
494117;1CB1F088-905B-4459-B7CF-01E17E8B39B1
494130;D3D3BCE7-BB10-4CD5-B97B-67A94F6BD84E
494131;DE0CAC11-BC74-4460-8B4D-90C9339B6EFA
494137;B28BB790-74FA-46EA-83F6-2AD11B5164C3
494139;8CAB3C34-94C0-42D2-91AB-5C3B7FAC2D9F
494256;2390D5EA-8CE6-4428-B10D-A324FF167439
494270;6B82B1CB-A021-4474-87FA-56729380FEF0
494308;4A923096-310E-4956-887B-3538DD209AF3
494317;36D2F7E1-4C68-48E4-8504-29AE1FDF64B6
494364;8E36719C-ABF2-4596-B197-53B22BAD9AD9
494477;9CF10FA2-6D75-4541-A903-2F7773CB7AB5
494478;DDF45CF8-9009-41F8-86FE-C5E5DC37A583
494482;1B41AED2-B234-4D0C-91B1-B8C384B9A93C
494494;2C9A3622-1C1E-448C-94AA-505A12CAF291
494498;7C1DBDA2-71D3-40C1-88C9-19CD24C44D4A
494512;3A22849F-5D61-4449-A92D-63B87CBDD61A
494591;57CABF91-3758-4BEF-AA7A-2CA6FC41AC23
494626;7C2104F2-0FE8-4595-A2AD-3F7E0EE058CF
494665;9BBF310E-0A3F-41AB-B7FD-60D9DDEA5233
494676;6CCE71AB-C35A-475C-8C4C-3735318FBFC0
494680;6E092BF5-7674-47DE-AAD7-FAAD8B260AD1
494686;B765055B-3433-4E97-8443-7E40DE080DAC
494697;D06E73E1-77C0-4C25-8699-6F9E05C9CF89
494700;E349F213-DF65-42B0-A919-4380169C1A2C
494703;471E03D9-9355-4099-8731-16A0381DAB82
494707;07EF4A00-37DE-4549-A283-135B2307DF38
494719;598CEE78-A9F0-4936-B750-8D85508E4009
494722;2E613B44-E2CF-496D-A565-4D2584E33651
494742;66192E45-D056-4422-BBCE-18E357C2C991
494752;363A3849-5891-4AD8-838F-2A3AF26181C1
494778;8D8E15F7-0250-4899-A825-E0CF335CE9C8
494781;D37CC479-1688-4DBF-B4AB-D037504A03EC
494787;4A176D8F-E519-4375-99E6-BE436A43DEE2
494791;BE885627-BA2A-45C9-B1F3-C261B60F122A
494813;FA2D5593-F3A5-43B6-B019-BDC51FBA1B6E
494815;F6FEEF5D-CD18-4BC7-A8F3-BF9E86459C6C
494867;E9B4177C-7C3A-49CC-9E39-56C8E6C3E03F
494869;2E316776-35C7-4828-8F11-3700BC494292
494877;68CDE173-278A-424E-B2CD-C9A1E3E695D7
494884;556EDC6B-C042-4013-8815-B0B39D92275B
494906;BC82A430-8819-422A-845C-7C290164148E
494907;A4D7A849-7C76-4BE7-9E20-73A0C6790AFE
494939;466D43CD-10AF-4604-B7FD-6A7C13F3668C
494943;7BA31E1F-0915-4421-87D7-94192EC05030
494955;9B381465-66D8-496C-B04A-335FA450A160
494971;D1DEB650-F9E5-4145-AC5D-B624967DB43A
494972;940D8911-2DB0-4F6C-91BA-7A3298B59BAF
495062;638076C1-10D0-4E37-A851-2D69C4EABC60
495064;73A43787-A784-496D-B47F-0A50A193CD2C
495079;B9DC2A50-1C3D-409E-8247-1A0B2898F4E7
495148;85256DF6-2BF1-47DA-8BF5-A8155422A78C
495149;BE067065-B792-4031-BC6C-5AE53EC9C242
495150;60ECE54E-188A-4264-A012-384A9275027F
495155;B6877458-F811-4BF1-8CCB-654F88194C44
495163;02D42554-55D6-417D-8B1B-C9B52F7F9B46
495164;52FA9BC5-BCB5-492D-95B3-D62135362A4E
495170;DA2ED928-8725-4042-85DE-1AEF9A4DE211
495173;9E01E887-175B-484A-A9CA-A1EF8AE4B90F
495199;06DF0094-FCD7-4686-B94A-0AB3F6D957A8
495220;D3DE3FA5-5CD6-4240-BA13-52677EF7B3B2
495228;0DF6986A-3634-4F0A-8C36-9D7BB8BE31FD
495245;CDFE7BB5-F8E3-4A80-89A6-35C7E6F6FF55
495246;D82B04F9-F1D8-46F5-AF22-1CFB12087D89
495265;93B5D3C3-F97D-4F95-BC5A-BC75D1F2F22D
495268;6E1017DE-89ED-44E5-8E44-ACA9A4059664
495271;AD533278-4270-465D-8192-E03EB567EFFC
495272;4AB04D2D-FDE8-4D30-80A9-670F62412B5C
495286;B481E725-E591-4A54-936F-AB5CAAF0CBB7
495308;80252DF5-88C0-4706-9337-150AE21BAE13
496480;A3FF171A-B8B8-4997-89A0-02E01007126A
496567;1F3E48D8-E37A-42A2-9453-A52C3C00E18E
496598;6E55703E-6DCC-4A49-9D59-ABC9CFDCDA54
496600;47848D29-E345-41ED-915C-B024A6900D4A
496661;57029CC3-1E40-450D-AC69-DF3AD65722DB
496681;48BBC338-3AB5-4CB5-9B23-0B61BA0A8884
496682;47705195-F752-4960-8EE0-22C6EE51D94B
496687;05E4F674-50AC-4E9F-8232-724B27BA57F3
496916;5681D645-FB30-45E0-A927-75A9814E88E1
496918;2EE6D93D-828E-46BF-AD6C-4A030904701C
496931;1DB298A2-0226-466D-B2E4-62382845BD73
496933;CFC68077-5676-42F2-822C-7E8BEC1108A9
496935;DE552437-5E1B-4EB7-B611-288F0A731CB4
496937;E2801B8F-6839-4B6C-B2D1-BB288463EBF3
497092;5C551CBC-D460-4C2C-A9DB-E344B1BB0E03
497095;A712F918-9ADD-4C45-94D5-F40EACDAC927
497096;AD519216-B547-456F-9D5B-B8F0AEC8ABE7
497097;19BB70BC-F9BC-465C-90D2-99689D9153A0
497116;28B9BFC6-FF0E-47AF-AEF3-E35BC81C1688
497201;A13068AF-60BA-441A-8367-59352C1F78C1
497252;CD365314-7DB5-4E47-96E2-B0922F399F61
497257;ACD086EE-BCAC-480F-BE53-A7E7888B7EDE
497259;746C073C-FE8F-431E-9B4A-2DF97B263268
497262;DD6F619C-0B88-461D-A28F-01A61C91F0CB
497277;B48CB726-3A3A-4F30-9322-09B9FDB1D00E
497281;596A6963-C7A8-4290-ABE5-09977A5B47F6
497285;784744DC-63E1-4A74-B444-E92ED18D518E
497290;FEFFCE48-9C77-457F-A25D-FFE5045AA94E
497299;1A74787E-1F54-4826-A620-D87B4E8D08BF
497386;643FECFB-1841-423C-B7C0-1DCB0F649E33
497399;197472D6-D7B3-4C8F-9FD7-1BED77BD470E
497432;A8F8709E-8AD3-43F4-BA44-BC98F323943C
497477;3DB77689-31C3-4781-A4E2-069E43AF4E5E
497516;EE811AC6-7E08-4055-BBF8-AFE4A9DF4E9C
497520;501B916A-8187-44A8-B681-A31819C8DC59
497521;406AE5CB-E68E-402A-9BB8-3A673E939CCB
497548;B68FA8B4-E519-426C-BB2B-2CFDC6D76E8A
497549;BBCBDC3F-500E-41B6-9F5F-09F89856E943
497551;033D6EA8-D6C5-472E-A494-7B52E6F349D7
497553;A99D9ADE-4106-4F4E-9864-8D6BE49C5BDD
497572;B9BE1296-0602-4730-BD63-19712402A3B7
497594;4B5E56B3-8F9D-4E4B-B986-71FB317A2606
497608;7A891B7B-6767-436C-8965-9C0FC4908625
497610;37D60CF7-F903-47C2-97B8-C0789C9E2DD0
497611;EE9346C9-A6CF-4442-97CC-54FBE4CEB1D8
497619;4F8DB735-1E2A-4D98-8CD4-2363B4499A03
497649;D9B8076F-A772-4CD2-9732-7478B3724787
497673;FAA65309-1BAA-43DB-8435-FE87DC6714F4
497674;44409FC4-CB62-4E67-A911-187EA8CEABAB
497749;572AB872-E694-484E-8800-35C47C3B5C6E
497785;8DE8026D-1E78-4D8C-926A-F322E15DE815
497803;49E01F3A-A83E-4CD7-9C4B-66102625DAB2
497804;3A5D35B4-BBCE-4C80-B0F6-8CDB5626E75F
497805;6CDCC153-FF5A-4053-A561-790F45305598
497806;6DED8CD7-9EA4-47CE-8C17-2FE4DBBEDB3D
497820;3324581F-E722-4A29-A68D-B62457390D24
497822;7EE3D28C-D3FF-4C92-9DE3-EB3F56516FFE
497842;A7B5B438-3392-4A66-9F99-BF579FA27672
497847;2227AAE4-6FFE-4F90-9998-4E9E42A2E3B8
497881;3B7B1992-187D-4D24-A7B7-7D1C4E80C073
497901;24BA89C3-938E-4F68-A2A9-06B8E462B830
497905;C4BD7EEB-548F-4DF2-B5CE-EEE31B741CC3
497994;74A96B98-A26F-4959-8DC2-25ACF095193C
498084;AE054EDE-C494-40A5-A0AA-675632EDB01B
498087;8F39C019-00DE-4282-8BFD-B9ECC0264922
498110;107AA8E8-E570-4801-8DCA-61C3F88BA1CA
498158;2F5D063C-BC2E-4EB8-9E2F-DD90E23F5786
498177;4B168526-3DE2-47DC-81CB-4D4823EB3E79
498187;CEBC5D8D-6741-4DF7-A968-581EE6E7EB5C
498200;263A6B93-297E-4E0F-8493-C937AF592CAB
498213;AA3A598E-2339-4546-97F3-A5AB4BB94FF3
498214;D66E7BFA-7639-4BAB-9E9A-DC7182F36DC6
498215;FD3D98F4-4A0F-4B0A-A2CA-BB4701C225D7
498217;BB9D2BA9-A87C-41BD-B7DE-F9742BCD0A29
498218;D88E7600-5C0A-4ADC-8D57-A7ED7198373C
498225;5D7B89F1-05A8-4DD8-8B12-C20217C62DB3
498229;2632F248-8C62-40EB-9984-B06D91377753
498267;54D6682F-40D4-464F-BC3B-BAA2B8ACFE9C
498271;BB9ED950-BC10-45D7-A68B-7B92EF2CF78A
498286;389A9226-5AC5-4A85-A8B9-CC0DF02D1FB1
498288;D2D4F495-EC5D-4838-9A93-19CBF9B2A02B
498291;E3E93CA7-6AD8-48F9-9F1B-80AC5CD7AF46
498292;35E604E2-5399-4F39-A5D2-9A8D41BFE619
498322;EF7DBE6C-4478-4121-9E92-BE921065BE36
498341;8809CA7B-55FC-4A69-B3F6-96FCA239E63B
498350;99C8EADA-71C7-4974-A429-E59261709B43
498490;7DC470C2-1683-43B6-87C5-AB8F1BEFF4BA
498601;DEB862C0-BD59-4E9B-BA6D-741B4F8E82F0
498656;99D68B61-EFF5-4136-9F29-4EA42A8FE739
498937;74E11234-59B1-4FC5-BD9E-891133E83421
498943;9B924B82-5CCF-471F-BFD4-C136EF6E4B68
498960;1728D7B7-93A7-4FC1-BAE8-5D57D4029BFE
499004;77F4B589-809F-4E4C-BE9C-AC0DEF3F6BCE
499005;7755D74D-394D-456E-BD81-126EBEA2F05C
499006;D72A3218-2458-43EA-8178-DD5534890966
499234;A149FB03-96AB-47EE-9240-FAB65A5565F9
499235;D5A8AE5D-6729-4B62-AA2C-83B7E8DA148D
499260;B773BFD2-EECD-41EA-BA85-FD7CFE8352AB
499311;94270E3D-E101-45B7-999B-FE806FA8BF06
499360;25EA6B0D-E6A3-496F-917E-D9EB2543A2A9
499458;B543258D-7D33-49F5-AE10-3399042755BE
499649;6246F3F9-91A2-47F1-9D88-454F5B79A42A
499665;BCFC8A32-07DF-4105-8D70-EC74C6796A17
499668;0653058A-F4FE-46AA-ABEC-53EA9A8EDE45
499696;6D555402-19FF-4F65-A9A1-356D44C2D525
499761;2F8F497B-4957-463F-A828-C92E388DB270
499762;B91332A8-1431-45C9-8D57-751C4DD7D4E3
499768;918182D7-E2D4-4148-99EE-A7AF93391D21
499769;FE1A23AB-EFEE-4560-B03B-8E50343DC77C
499770;416505F3-EB18-4D93-95AA-845C11ACB621
499771;9E09E5CB-0D32-4581-8A04-7FCA38EFC5EB
499772;1808B144-B85B-4C2A-98EF-7238FE912477
499792;9EB2B8D3-70C0-4635-8E68-F051F96B0B8F
499821;55E405E8-2E14-4AA6-81A6-405611F384E7
499868;AD061F2D-22CC-4702-8CDE-7D4F2A17F91C
499870;D0A78336-E096-427B-B26C-5FA27B436ECA
499896;2BC710F3-2BE1-4FAC-BA1F-3DE03C23BAB6
499900;9C2ADA1F-3ABF-4996-8B4C-953AAEA5A9D4
499915;6E7CA989-AAB8-4966-938B-ADC6C8DA5670
499920;F24BA3F7-3AC4-4487-8910-CA8D707F1DB4
499987;C0E10568-9B02-4387-B862-257E7D322AE3
499990;CBB2FCDA-00F1-451E-B0D5-116EC188F31B
499999;D359180E-F8BC-4545-8636-F9F30DE81A93
500173;DEA6A3CD-7CE7-4F76-BBD5-D9D0C38CFE5F
500335;47DCAF16-E645-456B-9DCE-24CD35F2286B
500347;7B59B88F-52B3-4B60-9539-2BA679103CA6
500349;900F1873-A862-4BBB-B4B2-1A3E930DB02D
500361;68209005-40F5-471A-84BB-6CD370B5B9E7
500364;F38F42C6-FB95-49F0-ADED-B15E695E15B8
500412;2BBCCC4A-DC94-4D15-A5F4-8ABCF3B79A97
500450;3D319B84-B0C1-4856-8305-4E5C4877A59E
500477;1D373FF4-8AF8-4D17-892E-73B99E7537D5
500482;D059E072-8229-4CE1-9284-84655BCFC51C
500563;1386DF7B-0E24-478A-A482-5E776D53E575
500578;FE0925CC-DBA5-40D2-BD3E-D5B62FC9844F
500592;12EBD1BF-B7A8-46F5-BC44-DCE88EA70ED0
500599;01AE18C7-C728-487B-AB34-1038B2CA7956
500608;EB389C00-B7A3-4A34-916F-7937B30C0004
500699;FC98A3BF-8AA0-48F2-9E3E-101E2BA93549
501887;3C537726-6730-4CAF-9664-33682A15C0C7
501896;8FB75C95-5961-43B2-9A1D-CA4F0429ED05
501916;4347C3FA-1FDB-4A46-A7B4-0D8B48F7B71A
501925;F48A1DD3-5391-49AF-96F7-FAD3348C1DBC
502109;B11B658C-6F28-4333-A687-80B267997851
502132;A65D88DE-D6CD-4244-989A-9F28D021300B
502134;39FFB35E-7E04-4534-8F27-044220F95A4D
502209;9D00AA8C-CE60-45B5-BA1B-8076D12AB3AC
502323;9F90700C-D9A1-4DA6-B161-457129CFBF7B
502343;0320ECE8-5256-4DE7-81D8-54F3BB21369C
502347;4E398CD0-4825-4B3D-A32A-29EC4AD246D5
502354;72D0C1DE-FC45-4922-A630-AB727C3C9E93
502479;156374B8-B841-435B-81E3-5EA84874C7E5
502480;01D4DE61-D4C6-43A9-BF10-F977B18289C7
502498;1DCB5972-1490-4FD3-A1D3-2B43B0336ED5
502524;CB28D9E8-8013-418F-81B2-878F67AF46DD
502608;6990E2BC-DA24-4669-B6B2-05A37ADA1EED
502609;3CFE6239-F83D-47D9-A844-506DCF71C110
502719;E6FAC425-105F-4DA8-922C-464094709588
502725;775C6506-FDFB-4EB2-81D9-15B921C7B94D
502729;43BBE03F-EE6D-4948-85FD-4D12298D47B5
502734;85DDB4DD-4D2F-4C93-BBF6-63027273EF6F
502758;D2B6048B-6ED2-448C-9A58-31A80106CF12
502790;C79A245D-9F0D-4A2B-8ABE-B4E3ED59ADB6
502797;1E3D5C73-3F97-4C23-95AC-8EC72F693D23
502848;0D3C8546-8078-46DC-BB77-3F426765A564
502857;166F781A-7F3B-4634-AD53-3E3EA4F1A85D
502863;F68376CD-0181-4143-AE42-0363900F47ED
502866;BAAA6138-7137-4256-BEE8-2AF08F67D9F0
502868;BFFC0FC7-023D-4597-87DD-EEBBCB65935D
502869;BE5CC326-6595-4F97-945E-260D908A1D9F
503069;E764D9DD-21B7-4ADD-B487-7EE5E67DE56E
503103;7666FBB5-8A73-4EF8-B1E8-C6F7AD7243FB
503108;4A0BBC09-135D-47F2-9E01-B4203095AC35
503111;350583EE-98CA-48D2-90A7-3BA1396F9842
503189;9133B444-E877-45D4-964D-208DA1833A15
503271;91F630B3-B9C6-4DC6-B80A-4FD67500387C
503295;F072EB30-AFC7-4661-9680-A3E33AFA0DCD
503311;0F8AF15D-C7EF-4878-A5A5-3436BC6A88EE
503339;2B38F0FF-935A-4D59-AF3C-61A2903509C4
503359;682D7870-D6BB-41B3-96F6-C04F4D6FE874
503362;C69320C2-DA5A-4D78-93CB-7E346CE4360F
503424;5C10249B-AC40-4976-8E45-22112F0CD105
503430;FA78B81E-E742-4611-B415-740CD207FE46
503447;441A4FF5-D713-4347-A5BE-12DA97196566
503457;C7A24760-39D9-41E9-86F5-69E4B5DF140D
503698;BEB74389-E2E0-4E4C-BCD1-46D7AEA3BCDD
503700;F57EE3F3-D656-4E75-8448-407CE623259D
503722;D936D143-AC9E-4AC5-89E8-D7AD88790BF8
503795;6A0F834C-DC98-48CF-9FBD-03A1167909E8
503801;8C18B741-1A39-4989-98E7-DFD3427D053D
503808;B262B88F-1A45-4E77-A69D-B45B3683BFB4
504057;27BD0ECA-332D-40C0-8986-C25CA9E93A6A
504171;C361CDE0-00D0-4099-B937-45C05B5FFB98
504177;ECCFD182-DF17-40E8-AFB9-A504622EC9D0
504179;C21F863F-3D1B-43B2-B969-CA464D149FC5
504236;F9FA62C3-BA0A-4C73-A07E-4D1825A78228
504254;01CD8ECF-A9AF-43FF-AAA9-71EF5403F3AD
504260;EABB3883-F65B-4F40-9F51-75CF5DFEC76E
504269;0CC86CC2-1EDD-4BF7-8E8A-444A673F7C16
504270;C9DEA9D8-580D-492A-9616-15261F7C8220
504365;796B8BE9-DEA9-4C29-B29F-E941A4CE4137
504372;0BDCCC91-B814-4D39-B948-595D6EF2A043
504382;B49A42A0-269A-4D34-A9A4-755772982C5A
504383;95AEB234-DE6B-42D9-A3AD-D52D9262F99C
504412;58FA1166-A082-47CC-91AE-8F0D8E83D849
504453;595EA9E0-3F82-4CAB-A5F4-BA9BC6A604E2
504454;59CA2F84-BCFE-4901-84F5-407B40644B37
504461;75ECFECF-28AE-4121-AF3C-3744824F1092
504469;A05BC478-53A9-4197-918D-A26999E07E0A
504473;AEBA5332-042B-4A6E-9CC9-CD4DB3AE6713
504498;59F107B5-C6B4-424A-B0E3-7FFAEE34CA7C
504504;7A68C52F-8B1F-4FE2-A90B-D14926F58F23
504520;CFC52078-C098-4E70-A129-74E780C5FCFB
504694;6C784C35-1A32-4BB6-9C8B-6E244023CA56
504756;FDDD933B-5B5B-4933-AAD8-F1A87D87F4E1
504777;CE3CE95A-6F6E-4DA5-9769-CE9DA356EC1D
504840;C9C944E4-129D-49C7-ADF1-28075252F50E
504897;A58078EF-0002-47CB-99B4-47AEA4795174
504910;B16FF9B7-C440-4A4B-A54E-EB9C3EA9F3A4
504922;EB414648-F957-488F-BB51-AF14F6F4C3CF
504940;58745899-427B-4E6C-AEC5-5162D37F58EE
504981;5C336682-E417-4529-B3D0-D1E4D5012C8C
504986;8E2AE5E6-EB01-404F-96EB-7A2D079C89D8
505039;4976DB90-EEF9-457F-874B-5BE47EBCA41A
505070;034AC5DD-63AC-4893-A6D1-E252455DD63A
505084;C997E5F6-FE28-4DF3-A73B-9C44DF897C97
505370;F2ADEDD8-EB8E-47E1-A5EE-ADF1364C1BED
505374;65289DFC-8C6B-45C8-A840-89CF2C9CD097
505390;9A153BD3-37F3-4146-8505-E0C99A1E9A19
505441;C777D2E0-2138-4F9F-B5DC-EE10B8FE9A20
